<?xml version="1.0"?>
<!-- Generated with script from SVN rev Unknown -->
<scene>
  <track model="greenhill_track.b3d" x="0" y="0" z="0">
    <static-object model="Fence.b3d" xyz="0.00 0.00 0.00" hpr="0.0 -0.0 0.0" scale="1.00 1.50 1.00"/> <!-- writeStaticObjects 3 -->
    <static-object model="House2.b3d" xyz="11.50 6.25 -14.54" hpr="-0.4 3.5 -0.8" scale="1.00 1.00 1.00"/> <!-- writeStaticObjects 3 -->
    <static-object model="House.b3d" xyz="10.46 6.25 -55.04" hpr="-5.6 -8.8 -1.0" scale="1.28 1.00 1.02"/> <!-- writeStaticObjects 3 -->
    <static-object model="House2.b3d" xyz="39.66 1.31 7.18" hpr="-7.7 -167.0 -6.8" scale="1.00 1.00 1.00"/> <!-- writeStaticObjects 3 -->
    <static-object model="House2.b3d" xyz="87.46 4.42 -9.75" hpr="-1.8 2.2 -2.0" scale="1.00 1.00 1.00"/> <!-- writeStaticObjects 3 -->
    <static-object model="Stand.b3d" xyz="115.63 -13.64 -124.89" hpr="-0.0 39.2 -0.0" scale="1.00 1.00 1.00"/> <!-- writeStaticObjects 3 -->
    <static-object model="Tree.b3d" xyz="36.21 -1.92 -86.07" hpr="-0.0 90.0 0.0" scale="2.23 2.23 1.31"/> <!-- writeStaticObjects 3 -->
    <static-object model="Tree.b3d" xyz="17.22 2.48 -94.31" hpr="-0.0 90.0 0.0" scale="2.23 2.23 1.31"/> <!-- writeStaticObjects 3 -->
    <static-object model="Tree.b3d" xyz="17.40 4.42 -84.97" hpr="-0.0 90.0 0.0" scale="2.23 2.23 1.31"/> <!-- writeStaticObjects 3 -->
    <static-object model="Tree.b3d" xyz="21.03 4.82 -80.77" hpr="-0.0 90.0 0.0" scale="2.23 2.23 1.31"/> <!-- writeStaticObjects 3 -->
    <static-object model="Tree.b3d" xyz="12.30 5.31 -67.23" hpr="-0.0 90.0 0.0" scale="2.23 2.23 1.31"/> <!-- writeStaticObjects 3 -->
    <static-object model="Tree.b3d" xyz="13.21 4.46 -70.47" hpr="-0.0 90.0 0.0" scale="2.23 2.23 1.31"/> <!-- writeStaticObjects 3 -->
    <static-object model="Tree.b3d" xyz="17.88 4.09 -69.43" hpr="-0.0 90.0 0.0" scale="2.23 2.23 1.31"/> <!-- writeStaticObjects 3 -->
    <static-object model="Tree.b3d" xyz="28.91 3.26 -92.11" hpr="-0.0 90.0 0.0" scale="2.23 2.23 1.31"/> <!-- writeStaticObjects 3 -->
    <static-object model="Tree.b3d" xyz="21.04 5.02 -64.96" hpr="-0.0 90.0 0.0" scale="2.23 2.23 1.31"/> <!-- writeStaticObjects 3 -->
    <static-object model="Tree.b3d" xyz="-7.03 -9.10 63.69" hpr="-0.0 90.0 0.0" scale="2.23 2.23 1.31"/> <!-- writeStaticObjects 3 -->
    <static-object model="Tree.b3d" xyz="10.25 -9.10 62.37" hpr="-0.0 90.0 0.0" scale="2.23 2.23 1.31"/> <!-- writeStaticObjects 3 -->
    <static-object model="Tree.b3d" xyz="-15.25 -11.74 72.79" hpr="-0.0 90.0 0.0" scale="2.23 2.23 1.31"/> <!-- writeStaticObjects 3 -->
    <static-object model="Tree.b3d" xyz="-4.19 -11.74 70.17" hpr="-0.0 90.0 0.0" scale="2.23 2.23 1.31"/> <!-- writeStaticObjects 3 -->
    <static-object model="Tree.b3d" xyz="8.68 -11.74 76.20" hpr="-0.0 90.0 0.0" scale="2.23 2.23 1.31"/> <!-- writeStaticObjects 3 -->
    <static-object model="Tree.b3d" xyz="-2.58 -11.74 81.63" hpr="-0.0 90.0 0.0" scale="2.23 2.23 1.31"/> <!-- writeStaticObjects 3 -->
    <static-object model="Tree.b3d" xyz="20.94 -11.74 84.85" hpr="-0.0 90.0 0.0" scale="2.23 2.23 1.31"/> <!-- writeStaticObjects 3 -->
    <static-object model="Tree.b3d" xyz="20.34 -11.74 72.79" hpr="-0.0 90.0 0.0" scale="2.23 2.23 1.31"/> <!-- writeStaticObjects 3 -->
    <static-object model="Tree.b3d" xyz="29.39 -11.74 82.23" hpr="-0.0 90.0 0.0" scale="2.23 2.23 1.31"/> <!-- writeStaticObjects 3 -->
    <static-object model="Tree.b3d" xyz="29.39 -11.74 65.75" hpr="-0.0 90.0 0.0" scale="2.23 2.23 1.31"/> <!-- writeStaticObjects 3 -->
    <static-object model="Tree.b3d" xyz="18.93 -11.74 56.90" hpr="-0.0 90.0 0.0" scale="2.23 2.23 1.31"/> <!-- writeStaticObjects 3 -->
    <static-object model="Tree.b3d" xyz="34.21 -5.70 47.86" hpr="-0.0 90.0 0.0" scale="2.23 2.23 1.31"/> <!-- writeStaticObjects 3 -->
    <static-object model="Tree.b3d" xyz="20.74 -5.70 44.24" hpr="-0.0 90.0 0.0" scale="2.23 2.23 1.31"/> <!-- writeStaticObjects 3 -->
    <static-object model="Tree.b3d" xyz="10.89 -11.74 47.86" hpr="-0.0 90.0 0.0" scale="2.23 2.23 1.31"/> <!-- writeStaticObjects 3 -->
    <static-object model="Tree.b3d" xyz="5.26 -11.74 93.09" hpr="-0.0 90.0 0.0" scale="2.23 2.23 1.31"/> <!-- writeStaticObjects 3 -->
    <static-object model="Tree.b3d" xyz="-16.05 -11.74 88.67" hpr="-0.0 90.0 0.0" scale="2.23 2.23 1.31"/> <!-- writeStaticObjects 3 -->
    <static-object model="Tree.b3d" xyz="1.84 -11.74 67.16" hpr="-0.0 90.0 0.0" scale="2.23 2.23 1.31"/> <!-- writeStaticObjects 3 -->
    <static-object model="Tree.b3d" xyz="2.04 -11.74 52.48" hpr="-0.0 90.0 0.0" scale="2.23 2.23 1.31"/> <!-- writeStaticObjects 3 -->
    <static-object model="Tree.b3d" xyz="-28.92 -14.11 81.63" hpr="-0.0 90.0 0.0" scale="2.23 2.23 1.31"/> <!-- writeStaticObjects 3 -->
    <static-object model="Tree.b3d" xyz="-24.90 -14.11 97.31" hpr="-0.0 90.0 0.0" scale="2.23 2.23 1.31"/> <!-- writeStaticObjects 3 -->
    <static-object model="Tree.b3d" xyz="-14.44 -11.74 99.73" hpr="-0.0 90.0 0.0" scale="2.23 2.23 1.31"/> <!-- writeStaticObjects 3 -->
    <static-object model="Tree.b3d" xyz="8.28 -13.28 106.56" hpr="-0.0 90.0 0.0" scale="2.23 2.23 1.31"/> <!-- writeStaticObjects 3 -->
    <static-object model="Tree.b3d" xyz="15.71 -13.28 101.53" hpr="-0.0 90.0 0.0" scale="2.23 2.23 1.31"/> <!-- writeStaticObjects 3 -->
    <static-object model="Tree.b3d" xyz="28.18 -13.28 110.78" hpr="-0.0 90.0 0.0" scale="2.23 2.23 1.31"/> <!-- writeStaticObjects 3 -->
    <static-object model="Tree.b3d" xyz="27.78 -13.28 100.73" hpr="-0.0 90.0 0.0" scale="2.23 2.23 1.31"/> <!-- writeStaticObjects 3 -->
    <static-object model="Tree.b3d" xyz="13.50 -11.74 87.26" hpr="-0.0 90.0 0.0" scale="2.23 2.23 1.31"/> <!-- writeStaticObjects 3 -->
    <static-object model="Tree.b3d" xyz="16.92 -2.33 35.79" hpr="-0.0 90.0 0.0" scale="2.23 2.23 1.31"/> <!-- writeStaticObjects 3 -->
    <static-object model="Tree.b3d" xyz="23.15 -1.91 37.80" hpr="-0.0 90.0 0.0" scale="2.23 2.23 1.31"/> <!-- writeStaticObjects 3 -->
    <static-object model="Tree.b3d" xyz="28.98 -11.74 57.31" hpr="-0.0 90.0 0.0" scale="2.23 2.23 1.31"/> <!-- writeStaticObjects 3 -->
    <static-object model="Tree.b3d" xyz="36.42 -11.74 72.58" hpr="-0.0 90.0 0.0" scale="2.23 2.23 1.31"/> <!-- writeStaticObjects 3 -->
    <static-object model="Tree.b3d" xyz="42.86 -13.28 83.44" hpr="-0.0 90.0 0.0" scale="2.23 2.23 1.31"/> <!-- writeStaticObjects 3 -->
    <static-object model="Tree.b3d" xyz="52.30 -13.28 93.29" hpr="-0.0 90.0 0.0" scale="2.23 2.23 1.31"/> <!-- writeStaticObjects 3 -->
    <static-object model="Tree.b3d" xyz="36.62 -13.28 92.09" hpr="-0.0 90.0 0.0" scale="2.23 2.23 1.31"/> <!-- writeStaticObjects 3 -->
    <static-object model="Tree.b3d" xyz="42.65 -13.28 104.95" hpr="-0.0 90.0 0.0" scale="2.23 2.23 1.31"/> <!-- writeStaticObjects 3 -->
    <static-object model="Tree.b3d" xyz="55.72 -13.28 103.14" hpr="-0.0 90.0 0.0" scale="2.23 2.23 1.31"/> <!-- writeStaticObjects 3 -->
  </track>
  <object type="animation" model="Tree.b3d" xyz="101.84 -13.95 24.71" hpr="-0.0 90.0 0.0" scale="2.23 2.23 1.31"  interaction="ghost">
  </object>
  <object type="animation" model="Tree.b3d" xyz="71.98 -2.33 -118.45" hpr="-0.0 90.0 0.0" scale="2.23 2.23 1.31"  interaction="ghost">
  </object>
  <object type="animation" model="Tree.b3d" xyz="65.80 0.20 -113.51" hpr="-0.0 90.0 0.0" scale="2.23 2.23 1.31"  interaction="ghost">
  </object>
  <object type="animation" model="Tree.b3d" xyz="61.77 0.71 -114.32" hpr="-0.0 90.0 0.0" scale="2.23 2.23 1.31"  interaction="ghost">
  </object>
  <object type="animation" model="Tree.b3d" xyz="67.77 -2.58 -121.81" hpr="-0.0 90.0 0.0" scale="2.23 2.23 1.31"  interaction="ghost">
  </object>
  <object type="animation" model="Tree.b3d" xyz="95.86 -10.14 -71.99" hpr="-0.0 90.0 0.0" scale="2.23 2.23 1.31"  interaction="ghost">
  </object>
  <object type="animation" model="Tree.b3d" xyz="77.95 -10.20 33.08" hpr="-0.0 90.0 0.0" scale="2.23 2.23 1.31"  interaction="ghost">
  </object>
  <object type="animation" model="Tree.b3d" xyz="79.03 -11.41 35.69" hpr="-0.0 90.0 0.0" scale="2.23 2.23 1.31"  interaction="ghost">
  </object>
  <object type="animation" model="Tree.b3d" xyz="77.32 -9.54 32.03" hpr="-0.0 90.0 0.0" scale="2.23 2.23 1.31"  interaction="ghost">
  </object>
  <object type="animation" model="Tree.b3d" xyz="80.50 -12.72 36.06" hpr="-0.0 90.0 0.0" scale="2.23 2.23 1.31"  interaction="ghost">
  </object>
  <object type="animation" model="Tree.b3d" xyz="19.77 -5.65 -157.16" hpr="-0.0 90.0 0.0" scale="2.23 2.23 1.31"  interaction="ghost">
  </object>
  <object type="animation" model="Tree.b3d" xyz="3.21 -17.04 -154.10" hpr="-0.0 90.0 0.0" scale="2.23 2.23 1.31"  interaction="ghost">
  </object>
  <object type="animation" model="Tree.b3d" xyz="66.12 -11.31 -144.65" hpr="-0.0 90.0 0.0" scale="2.23 2.23 1.31"  interaction="ghost">
  </object>
  <object type="animation" model="Tree.b3d" xyz="52.70 -15.85 -189.66" hpr="-0.0 90.0 0.0" scale="2.23 2.23 1.31"  interaction="ghost">
  </object>
  <object type="animation" model="Tree.b3d" xyz="52.46 -16.18 -192.04" hpr="-0.0 90.0 0.0" scale="2.23 2.23 1.31"  interaction="ghost">
  </object>
  <object type="animation" model="Tree.b3d" xyz="13.06 -8.42 -141.68" hpr="-0.0 90.0 0.0" scale="2.23 2.23 1.31"  interaction="ghost">
  </object>
  <object type="animation" model="Tree.b3d" xyz="15.83 -6.29 -143.64" hpr="-0.0 90.0 0.0" scale="2.23 2.23 1.31"  interaction="ghost">
  </object>
  <object type="animation" model="Tree.b3d" xyz="53.48 -15.67 -186.16" hpr="-0.0 90.0 0.0" scale="2.23 2.23 1.31"  interaction="ghost">
  </object>
  <object type="animation" model="Tree.b3d" xyz="127.32 -13.47 -78.27" hpr="-0.0 90.0 0.0" scale="2.23 2.23 1.31"  interaction="ghost">
  </object>
  <object type="animation" model="Tree.b3d" xyz="43.68 -17.32 -203.32" hpr="-0.0 90.0 0.0" scale="2.23 2.23 1.31"  interaction="ghost">
  </object>
  <object type="animation" model="Tree.b3d" xyz="41.92 -17.32 -203.56" hpr="-0.0 90.0 0.0" scale="2.23 2.23 1.31"  interaction="ghost">
  </object>
  <object type="animation" model="Tree.b3d" xyz="44.08 -4.91 -84.87" hpr="-0.0 90.0 0.0" scale="2.23 2.23 1.31"  interaction="ghost">
  </object>
  <object type="animation" model="Tree.b3d" xyz="108.03 -17.33 -129.89" hpr="-0.0 90.0 0.0" scale="2.23 2.23 1.31"  interaction="ghost">
  </object>
  <object type="animation" model="Tree.b3d" xyz="69.90 -16.12 -73.69" hpr="-0.0 90.0 0.0" scale="2.23 2.23 1.31"  interaction="ghost">
  </object>
  <object type="animation" model="Tree.b3d" xyz="37.22 -5.53 -174.49" hpr="-0.0 90.0 0.0" scale="2.23 2.23 1.31"  interaction="ghost">
  </object>
  <object type="animation" model="Tree.b3d" xyz="35.58 -7.05 -179.50" hpr="-0.0 90.0 0.0" scale="2.23 2.23 1.31"  interaction="ghost">
  </object>
  <object type="animation" model="Tree.b3d" xyz="30.47 -12.33 -192.07" hpr="-0.0 90.0 0.0" scale="2.23 2.23 1.31"  interaction="ghost">
  </object>
  <object type="animation" model="Tree.b3d" xyz="49.36 -7.96 -169.55" hpr="-0.0 90.0 0.0" scale="2.23 2.23 1.31"  interaction="ghost">
  </object>
  <object type="animation" model="Tree.b3d" xyz="47.53 -7.27 -170.46" hpr="-0.0 90.0 0.0" scale="2.23 2.23 1.31"  interaction="ghost">
  </object>
  <object type="animation" model="Tree.b3d" xyz="6.90 -9.00 -110.79" hpr="-0.0 90.0 0.0" scale="2.23 2.23 1.31"  interaction="ghost">
  </object>
  <object type="animation" model="Tree.b3d" xyz="12.68 -12.05 -158.48" hpr="-0.0 90.0 0.0" scale="2.23 2.23 1.31"  interaction="ghost">
  </object>
  <object type="animation" model="Tree.b3d" xyz="127.69 -14.55 -74.13" hpr="-0.0 90.0 0.0" scale="2.23 2.23 1.31"  interaction="ghost">
  </object>
  <object type="animation" model="Tree.b3d" xyz="103.78 -8.86 -74.97" hpr="-0.0 90.0 0.0" scale="2.23 2.23 1.31"  interaction="ghost">
  </object>
  <object type="animation" model="Tree.b3d" xyz="99.25 -6.13 -79.28" hpr="-0.0 90.0 0.0" scale="2.23 2.23 1.31"  interaction="ghost">
  </object>
  <object type="animation" model="Tree.b3d" xyz="108.38 -10.38 -73.08" hpr="-0.0 90.0 0.0" scale="2.23 2.23 1.31"  interaction="ghost">
  </object>
  <object type="animation" model="Tree.b3d" xyz="64.37 -2.16 -122.41" hpr="-0.0 90.0 0.0" scale="2.23 2.23 1.31"  interaction="ghost">
  </object>
  <object type="animation" model="Tree.b3d" xyz="54.01 -11.56 -171.69" hpr="-0.0 90.0 0.0" scale="2.23 2.23 1.31"  interaction="ghost">
  </object>
  <object type="animation" model="Tree.b3d" xyz="16.33 -6.19 -144.98" hpr="-0.0 90.0 0.0" scale="2.23 2.23 1.31"  interaction="ghost">
  </object>
  <object type="animation" model="Tree.b3d" xyz="107.94 -14.97 -64.88" hpr="-0.0 90.0 0.0" scale="2.23 2.23 1.31"  interaction="ghost">
  </object>
  <object type="animation" model="Tree.b3d" xyz="108.04 -15.12 -64.64" hpr="-0.0 90.0 0.0" scale="2.23 2.23 1.31"  interaction="ghost">
  </object>
  <object type="animation" model="Tree.b3d" xyz="122.97 -14.77 -114.57" hpr="-0.0 90.0 0.0" scale="2.23 2.23 1.31"  interaction="ghost">
  </object>
  <object type="animation" model="Tree.b3d" xyz="121.06 -12.45 -110.74" hpr="-0.0 90.0 0.0" scale="2.23 2.23 1.31"  interaction="ghost">
  </object>
  <object type="animation" model="Tree.b3d" xyz="101.16 -11.46 -70.47" hpr="-0.0 90.0 0.0" scale="2.23 2.23 1.31"  interaction="ghost">
  </object>
  <object type="animation" model="Tree.b3d" xyz="17.77 -10.13 -169.66" hpr="-0.0 90.0 0.0" scale="2.23 2.23 1.31"  interaction="ghost">
  </object>
  <object type="animation" model="Tree.b3d" xyz="57.82 -16.25 -74.58" hpr="-0.0 90.0 0.0" scale="2.23 2.23 1.31"  interaction="ghost">
  </object>
  <object type="animation" model="Tree.b3d" xyz="19.09 -10.81 -175.06" hpr="-0.0 90.0 0.0" scale="2.23 2.23 1.31"  interaction="ghost">
  </object>
  <object type="animation" model="Tree.b3d" xyz="24.49 -8.39 -174.23" hpr="-0.0 90.0 0.0" scale="2.23 2.23 1.31"  interaction="ghost">
  </object>
  <object type="animation" model="Tree.b3d" xyz="98.97 -4.61 -106.58" hpr="-0.0 90.0 0.0" scale="2.23 2.23 1.31"  interaction="ghost">
  </object>
  <object type="animation" model="Tree.b3d" xyz="97.86 -4.28 -105.56" hpr="-0.0 90.0 0.0" scale="2.23 2.23 1.31"  interaction="ghost">
  </object>
  <object type="animation" model="Tree.b3d" xyz="25.48 -8.99 -177.49" hpr="-0.0 90.0 0.0" scale="2.23 2.23 1.31"  interaction="ghost">
  </object>
  <object type="animation" model="Tree.b3d" xyz="26.24 -9.17 -179.00" hpr="-0.0 90.0 0.0" scale="2.23 2.23 1.31"  interaction="ghost">
  </object>
  <object type="animation" model="Tree.b3d" xyz="27.66 -7.94 -176.66" hpr="-0.0 90.0 0.0" scale="2.23 2.23 1.31"  interaction="ghost">
  </object>
  <object type="animation" model="Tree.b3d" xyz="59.19 -8.94 -82.68" hpr="-0.0 90.0 0.0" scale="2.23 2.23 1.31"  interaction="ghost">
  </object>
  <object type="animation" model="Tree.b3d" xyz="39.97 -7.57 -180.23" hpr="-0.0 90.0 0.0" scale="2.23 2.23 1.31"  interaction="ghost">
  </object>
  <object type="animation" model="Tree.b3d" xyz="111.42 -10.88 -73.23" hpr="-0.0 90.0 0.0" scale="2.23 2.23 1.31"  interaction="ghost">
  </object>
  <object type="animation" model="Tree.b3d" xyz="118.87 -16.18 -121.23" hpr="-0.0 90.0 0.0" scale="2.23 2.23 1.31"  interaction="ghost">
  </object>
  <object type="animation" model="Tree.b3d" xyz="115.28 -8.48 -86.59" hpr="-0.0 90.0 0.0" scale="2.23 2.23 1.31"  interaction="ghost">
  </object>
  <object type="animation" model="Tree.b3d" xyz="32.46 -12.56 -193.63" hpr="-0.0 90.0 0.0" scale="2.23 2.23 1.31"  interaction="ghost">
  </object>
  <object type="animation" model="Tree.b3d" xyz="97.44 -5.11 -112.12" hpr="-0.0 90.0 0.0" scale="2.23 2.23 1.31"  interaction="ghost">
  </object>
  <object type="animation" model="Tree.b3d" xyz="80.33 -0.92 -106.21" hpr="-0.0 90.0 0.0" scale="2.23 2.23 1.31"  interaction="ghost">
  </object>
  <object type="animation" model="Tree.b3d" xyz="89.39 -3.54 -111.73" hpr="-0.0 90.0 0.0" scale="2.23 2.23 1.31"  interaction="ghost">
  </object>
  <object type="animation" model="Tree.b3d" xyz="87.55 -3.04 -110.89" hpr="-0.0 90.0 0.0" scale="2.23 2.23 1.31"  interaction="ghost">
  </object>
  <object type="animation" model="Tree.b3d" xyz="84.35 -1.86 -107.05" hpr="-0.0 90.0 0.0" scale="2.23 2.23 1.31"  interaction="ghost">
  </object>
  <object type="animation" model="Tree.b3d" xyz="84.38 -2.40 -111.06" hpr="-0.0 90.0 0.0" scale="2.23 2.23 1.31"  interaction="ghost">
  </object>
  <object type="animation" model="Tree.b3d" xyz="10.25 -8.67 -120.53" hpr="-0.0 90.0 0.0" scale="2.23 2.23 1.31"  interaction="ghost">
  </object>
  <object type="animation" model="Tree.b3d" xyz="65.93 -8.59 -138.95" hpr="-0.0 90.0 0.0" scale="2.23 2.23 1.31"  interaction="ghost">
  </object>
  <object type="animation" model="Tree.b3d" xyz="129.68 -12.97 -89.64" hpr="-0.0 90.0 0.0" scale="2.23 2.23 1.31"  interaction="ghost">
  </object>
  <object type="animation" model="Tree.b3d" xyz="95.90 -12.38 -129.83" hpr="-0.0 90.0 0.0" scale="2.23 2.23 1.31"  interaction="ghost">
  </object>
  <object type="animation" model="Tree.b3d" xyz="24.15 -12.28 -185.15" hpr="-0.0 90.0 0.0" scale="2.23 2.23 1.31"  interaction="ghost">
  </object>
  <object type="animation" model="Tree.b3d" xyz="4.47 -14.66 -138.51" hpr="-0.0 90.0 0.0" scale="2.23 2.23 1.31"  interaction="ghost">
  </object>
  <object type="animation" model="Tree.b3d" xyz="3.55 -11.23 -109.90" hpr="-0.0 90.0 0.0" scale="2.23 2.23 1.31"  interaction="ghost">
  </object>
  <object type="animation" model="Tree.b3d" xyz="21.84 -17.26 -192.66" hpr="-0.0 90.0 0.0" scale="2.23 2.23 1.31"  interaction="ghost">
  </object>
  <object type="animation" model="Tree.b3d" xyz="18.52 -5.10 -147.67" hpr="-0.0 90.0 0.0" scale="2.23 2.23 1.31"  interaction="ghost">
  </object>
  <object type="animation" model="Tree.b3d" xyz="82.82 -4.20 -79.35" hpr="-0.0 90.0 0.0" scale="2.23 2.23 1.31"  interaction="ghost">
  </object>
  <object type="animation" model="Tree.b3d" xyz="66.31 -4.95 -83.30" hpr="-0.0 90.0 0.0" scale="2.23 2.23 1.31"  interaction="ghost">
  </object>
  <object type="animation" model="Tree.b3d" xyz="41.72 -8.73 -80.24" hpr="-0.0 90.0 0.0" scale="2.23 2.23 1.31"  interaction="ghost">
  </object>
  <object type="animation" model="Tree.b3d" xyz="2.62 -16.24 -143.02" hpr="-0.0 90.0 0.0" scale="2.23 2.23 1.31"  interaction="ghost">
  </object>
  <object type="animation" model="Tree.b3d" xyz="54.32 -9.92 -165.96" hpr="-0.0 90.0 0.0" scale="2.23 2.23 1.31"  interaction="ghost">
  </object>
  <object type="animation" model="Tree.b3d" xyz="52.14 -11.59 -177.16" hpr="-0.0 90.0 0.0" scale="2.23 2.23 1.31"  interaction="ghost">
  </object>
  <object type="animation" model="Tree.b3d" xyz="96.66 -8.43 -122.00" hpr="-0.0 90.0 0.0" scale="2.23 2.23 1.31"  interaction="ghost">
  </object>
  <object type="animation" model="Tree.b3d" xyz="83.67 -14.97 -70.87" hpr="-0.0 90.0 0.0" scale="2.23 2.23 1.31"  interaction="ghost">
  </object>
  <object type="animation" model="Tree.b3d" xyz="86.57 -14.48 -70.29" hpr="-0.0 90.0 0.0" scale="2.23 2.23 1.31"  interaction="ghost">
  </object>
  <object type="animation" model="Tree.b3d" xyz="9.64 -10.88 -134.95" hpr="-0.0 90.0 0.0" scale="2.23 2.23 1.31"  interaction="ghost">
  </object>
  <object type="animation" model="Tree.b3d" xyz="22.00 -6.82 -166.34" hpr="-0.0 90.0 0.0" scale="2.23 2.23 1.31"  interaction="ghost">
  </object>
  <object type="animation" model="Tree.b3d" xyz="3.12 -13.26 -115.62" hpr="-0.0 90.0 0.0" scale="2.23 2.23 1.31"  interaction="ghost">
  </object>
  <object type="animation" model="Tree.b3d" xyz="90.93 -16.29 -66.97" hpr="-0.0 90.0 0.0" scale="2.23 2.23 1.31"  interaction="ghost">
  </object>
  <object type="animation" model="Tree.b3d" xyz="110.12 -7.62 -83.44" hpr="-0.0 90.0 0.0" scale="2.23 2.23 1.31"  interaction="ghost">
  </object>
  <object type="animation" model="Tree.b3d" xyz="72.41 -7.06 -131.69" hpr="-0.0 90.0 0.0" scale="2.23 2.23 1.31"  interaction="ghost">
  </object>
  <object type="animation" model="Tree.b3d" xyz="91.66 -16.08 -136.31" hpr="-0.0 90.0 0.0" scale="2.23 2.23 1.31"  interaction="ghost">
  </object>
  <object type="animation" model="Tree.b3d" xyz="26.97 -9.47 -180.72" hpr="-0.0 90.0 0.0" scale="2.23 2.23 1.31"  interaction="ghost">
  </object>
  <object type="animation" model="Tree.b3d" xyz="19.45 0.24 -116.17" hpr="-0.0 90.0 0.0" scale="2.23 2.23 1.31"  interaction="ghost">
  </object>
  <object type="animation" model="Tree.b3d" xyz="13.28 -5.26 -118.16" hpr="-0.0 90.0 0.0" scale="2.23 2.23 1.31"  interaction="ghost">
  </object>
  <object type="animation" model="Tree.b3d" xyz="20.08 -9.78 -173.11" hpr="-0.0 90.0 0.0" scale="2.23 2.23 1.31"  interaction="ghost">
  </object>
  <object type="animation" model="Tree.b3d" xyz="54.73 -5.75 -143.34" hpr="-0.0 90.0 0.0" scale="2.23 2.23 1.31"  interaction="ghost">
  </object>
  <object type="animation" model="Tree.b3d" xyz="13.49 -2.45 -107.63" hpr="-0.0 90.0 0.0" scale="2.23 2.23 1.31"  interaction="ghost">
  </object>
  <object type="animation" model="Tree.b3d" xyz="63.31 -15.09 -153.81" hpr="-0.0 90.0 0.0" scale="2.23 2.23 1.31"  interaction="ghost">
  </object>
  <object type="animation" model="Tree.b3d" xyz="64.15 -14.18 -151.40" hpr="-0.0 90.0 0.0" scale="2.23 2.23 1.31"  interaction="ghost">
  </object>
  <object type="animation" model="Tree.b3d" xyz="47.02 -0.92 -132.51" hpr="-0.0 90.0 0.0" scale="2.23 2.23 1.31"  interaction="ghost">
  </object>
  <object type="animation" model="Tree.b3d" xyz="85.36 -2.19 -85.82" hpr="-0.0 90.0 0.0" scale="2.23 2.23 1.31"  interaction="ghost">
  </object>
  <object type="animation" model="Tree.b3d" xyz="11.81 -14.94 -172.17" hpr="-0.0 90.0 0.0" scale="2.23 2.23 1.31"  interaction="ghost">
  </object>
  <object type="animation" model="Tree.b3d" xyz="9.16 -15.88 -168.35" hpr="-0.0 90.0 0.0" scale="2.23 2.23 1.31"  interaction="ghost">
  </object>
  <object type="animation" model="Tree.b3d" xyz="11.85 -14.14 -168.33" hpr="-0.0 90.0 0.0" scale="2.23 2.23 1.31"  interaction="ghost">
  </object>
  <object type="animation" model="Tree.b3d" xyz="56.97 1.04 -90.13" hpr="-0.0 90.0 0.0" scale="2.23 2.23 1.31"  interaction="ghost">
  </object>
  <object type="animation" model="Tree.b3d" xyz="76.41 -4.83 -124.75" hpr="-0.0 90.0 0.0" scale="2.23 2.23 1.31"  interaction="ghost">
  </object>
  <object type="animation" model="Tree.b3d" xyz="89.63 -4.14 -114.60" hpr="-0.0 90.0 0.0" scale="2.23 2.23 1.31"  interaction="ghost">
  </object>
  <object type="animation" model="Tree.b3d" xyz="66.47 1.39 -108.92" hpr="-0.0 90.0 0.0" scale="2.23 2.23 1.31"  interaction="ghost">
  </object>
  <object type="animation" model="Tree.b3d" xyz="41.66 -0.18 -141.34" hpr="-0.0 90.0 0.0" scale="2.23 2.23 1.31"  interaction="ghost">
  </object>
  <object type="animation" model="Tree.b3d" xyz="72.85 -6.96 -49.40" hpr="-0.0 90.0 0.0" scale="2.23 2.23 1.31"  interaction="ghost">
  </object>
  <object type="animation" model="Tree.b3d" xyz="67.75 -4.53 -48.66" hpr="-0.0 90.0 0.0" scale="2.23 2.23 1.31"  interaction="ghost">
  </object>
  <object type="animation" model="Tree.b3d" xyz="69.66 -4.99 -48.35" hpr="-0.0 90.0 0.0" scale="2.23 2.23 1.31"  interaction="ghost">
  </object>
  <object type="animation" model="Tree.b3d" xyz="16.75 -3.60 -131.30" hpr="-0.0 90.0 0.0" scale="2.23 2.23 1.31"  interaction="ghost">
  </object>
  <object type="animation" model="Tree.b3d" xyz="51.38 -2.62 -134.29" hpr="-0.0 90.0 0.0" scale="2.23 2.23 1.31"  interaction="ghost">
  </object>
  <object type="animation" model="Tree.b3d" xyz="45.47 1.00 -125.84" hpr="-0.0 90.0 0.0" scale="2.23 2.23 1.31"  interaction="ghost">
  </object>
  <object type="animation" model="Tree.b3d" xyz="69.72 1.93 -101.63" hpr="-0.0 90.0 0.0" scale="2.23 2.23 1.31"  interaction="ghost">
  </object>
  <object type="animation" model="Tree.b3d" xyz="62.83 -3.02 -126.01" hpr="-0.0 90.0 0.0" scale="2.23 2.23 1.31"  interaction="ghost">
  </object>
  <object type="animation" model="Tree.b3d" xyz="59.57 -1.32 -122.33" hpr="-0.0 90.0 0.0" scale="2.23 2.23 1.31"  interaction="ghost">
  </object>
  <object type="animation" model="Tree.b3d" xyz="36.84 1.96 -132.36" hpr="-0.0 90.0 0.0" scale="2.23 2.23 1.31"  interaction="ghost">
  </object>
  <object type="animation" model="Tree.b3d" xyz="21.68 1.65 -112.75" hpr="-0.0 90.0 0.0" scale="2.23 2.23 1.31"  interaction="ghost">
  </object>
  <object type="animation" model="Tree.b3d" xyz="45.60 2.95 -96.29" hpr="-0.0 90.0 0.0" scale="2.23 2.23 1.31"  interaction="ghost">
  </object>
  <object type="animation" model="Tree.b3d" xyz="41.60 2.19 -93.92" hpr="-0.0 90.0 0.0" scale="2.23 2.23 1.31"  interaction="ghost">
  </object>
  <object type="animation" model="Tree.b3d" xyz="-1.30 -10.55 -102.73" hpr="-0.0 90.0 0.0" scale="2.23 2.23 1.31"  interaction="ghost">
  </object>
  <object type="animation" model="Tree.b3d" xyz="26.98 0.43 -138.00" hpr="-0.0 90.0 0.0" scale="2.23 2.23 1.31"  interaction="ghost">
  </object>
  <object type="animation" model="Tree.b3d" xyz="31.61 1.98 -137.35" hpr="-0.0 90.0 0.0" scale="2.23 2.23 1.31"  interaction="ghost">
  </object>
  <object type="animation" model="Tree.b3d" xyz="27.39 2.20 -128.63" hpr="-0.0 90.0 0.0" scale="2.23 2.23 1.31"  interaction="ghost">
  </object>
  <object type="animation" model="Tree.b3d" xyz="36.36 3.29 -121.94" hpr="-0.0 90.0 0.0" scale="2.23 2.23 1.31"  interaction="ghost">
  </object>
  <object type="animation" model="Tree.b3d" xyz="43.59 2.66 -117.51" hpr="-0.0 90.0 0.0" scale="2.23 2.23 1.31"  interaction="ghost">
  </object>
  <object type="animation" model="Tree.b3d" xyz="38.53 2.37 -125.88" hpr="-0.0 90.0 0.0" scale="2.23 2.23 1.31"  interaction="ghost">
  </object>
  <object type="animation" model="Tree.b3d" xyz="34.11 1.56 -139.66" hpr="-0.0 90.0 0.0" scale="2.23 2.23 1.31"  interaction="ghost">
  </object>
  <object type="animation" model="Tree.b3d" xyz="35.50 -1.86 -85.78" hpr="-0.0 90.0 0.0" scale="2.23 2.23 1.31"  interaction="ghost">
  </object>
  <object type="animation" model="Tree.b3d" xyz="21.65 -4.29 -151.87" hpr="-0.0 90.0 0.0" scale="2.23 2.23 1.31"  interaction="ghost">
  </object>
  <object type="animation" model="Tree.b3d" xyz="25.09 -3.12 -154.17" hpr="-0.0 90.0 0.0" scale="2.23 2.23 1.31"  interaction="ghost">
  </object>
  <object type="animation" model="Tree.b3d" xyz="29.61 -0.40 -147.14" hpr="-0.0 90.0 0.0" scale="2.23 2.23 1.31"  interaction="ghost">
  </object>
  <object type="animation" model="Tree.b3d" xyz="28.19 -4.55 -164.96" hpr="-0.0 90.0 0.0" scale="2.23 2.23 1.31"  interaction="ghost">
  </object>
  <object type="animation" model="Tree.b3d" xyz="29.32 -1.87 -153.97" hpr="-0.0 90.0 0.0" scale="2.23 2.23 1.31"  interaction="ghost">
  </object>
  <object type="animation" model="Tree.b3d" xyz="61.15 -4.56 -132.15" hpr="-0.0 90.0 0.0" scale="2.23 2.23 1.31"  interaction="ghost">
  </object>
  <object type="animation" model="Tree.b3d" xyz="35.34 4.22 -114.00" hpr="-0.0 90.0 0.0" scale="2.23 2.23 1.31"  interaction="ghost">
  </object>
  <object type="animation" model="Tree.b3d" xyz="-63.17 1.95 -28.21" hpr="-0.0 90.0 0.0" scale="2.23 2.23 1.31"  interaction="ghost">
  </object>
  <object type="animation" model="Tree.b3d" xyz="-57.25 1.14 -28.82" hpr="-0.0 90.0 0.0" scale="2.23 2.23 1.31"  interaction="ghost">
  </object>
  <object type="animation" model="Tree.b3d" xyz="-59.87 1.67 -27.92" hpr="-0.0 90.0 0.0" scale="2.23 2.23 1.31"  interaction="ghost">
  </object>
  <object type="animation" model="Tree.b3d" xyz="30.04 2.34 -83.09" hpr="-0.0 90.0 0.0" scale="2.23 2.23 1.31"  interaction="ghost">
  </object>
  <object type="animation" model="Tree.b3d" xyz="23.14 4.46 -90.38" hpr="-0.0 90.0 0.0" scale="2.23 2.23 1.31"  interaction="ghost">
  </object>
  <object type="animation" model="Tree.b3d" xyz="34.37 1.75 -60.06" hpr="-0.0 90.0 0.0" scale="2.23 2.23 1.31"  interaction="ghost">
  </object>
  <object type="animation" model="Tree.b3d" xyz="64.82 -6.69 -53.45" hpr="-0.0 90.0 0.0" scale="2.23 2.23 1.31"  interaction="ghost">
  </object>
  <object type="animation" model="Tree.b3d" xyz="83.36 -15.13 -54.87" hpr="-0.0 90.0 0.0" scale="2.23 2.23 1.31"  interaction="ghost">
  </object>
  <object type="animation" model="Tree.b3d" xyz="92.34 -16.88 -53.69" hpr="-0.0 90.0 0.0" scale="2.23 2.23 1.31"  interaction="ghost">
  </object>
  <object type="animation" model="Tree.b3d" xyz="100.36 -11.90 -45.61" hpr="-0.0 90.0 0.0" scale="2.23 2.23 1.31"  interaction="ghost">
  </object>
  <object type="animation" model="Tree.b3d" xyz="102.63 -15.61 -49.44" hpr="-0.0 90.0 0.0" scale="2.23 2.23 1.31"  interaction="ghost">
  </object>
  <object type="animation" model="Tree.b3d" xyz="104.50 -10.07 -42.62" hpr="-0.0 90.0 0.0" scale="2.23 2.23 1.31"  interaction="ghost">
  </object>
  <object type="animation" model="Tree.b3d" xyz="104.49 -13.19 -46.24" hpr="-0.0 90.0 0.0" scale="2.23 2.23 1.31"  interaction="ghost">
  </object>
  <object type="animation" model="Tree.b3d" xyz="60.54 -2.32 -49.43" hpr="-0.0 90.0 0.0" scale="2.23 2.23 1.31"  interaction="ghost">
  </object>
  <object type="animation" model="Tree.b3d" xyz="56.12 -0.89 -49.03" hpr="-0.0 90.0 0.0" scale="2.23 2.23 1.31"  interaction="ghost">
  </object>
  <object type="animation" model="Tree.b3d" xyz="61.15 -5.72 -54.26" hpr="-0.0 90.0 0.0" scale="2.23 2.23 1.31"  interaction="ghost">
  </object>
  <object type="animation" model="Tree.b3d" xyz="72.33 -1.29 -41.14" hpr="-0.0 90.0 0.0" scale="2.23 2.23 1.31"  interaction="ghost">
  </object>
  <object type="animation" model="Tree.b3d" xyz="73.30 0.19 -38.33" hpr="-0.0 90.0 0.0" scale="2.23 2.23 1.31"  interaction="ghost">
  </object>
  <object type="animation" model="Tree.b3d" xyz="72.52 -1.66 -41.69" hpr="-0.0 90.0 0.0" scale="2.23 2.23 1.31"  interaction="ghost">
  </object>
  <object type="animation" model="Tree.b3d" xyz="36.16 4.26 -105.05" hpr="-0.0 90.0 0.0" scale="2.23 2.23 1.31"  interaction="ghost">
  </object>
  <object type="animation" model="Tree.b3d" xyz="89.73 -3.39 -36.22" hpr="-0.0 90.0 0.0" scale="2.23 2.23 1.31"  interaction="ghost">
  </object>
  <object type="animation" model="Tree.b3d" xyz="84.17 -7.41 -45.24" hpr="-0.0 90.0 0.0" scale="2.23 2.23 1.31"  interaction="ghost">
  </object>
  <object type="animation" model="Tree.b3d" xyz="86.23 -7.88 -45.14" hpr="-0.0 90.0 0.0" scale="2.23 2.23 1.31"  interaction="ghost">
  </object>
  <object type="animation" model="Tree.b3d" xyz="63.93 -13.78 69.57" hpr="-0.0 90.0 0.0" scale="2.23 2.23 1.31"  interaction="ghost">
  </object>
  <object type="animation" model="Tree.b3d" xyz="109.32 -6.71 -33.91" hpr="-0.0 90.0 0.0" scale="2.23 2.23 1.31"  interaction="ghost">
  </object>
  <object type="animation" model="Tree.b3d" xyz="78.68 -12.53 48.03" hpr="-0.0 90.0 0.0" scale="2.23 2.23 1.31"  interaction="ghost">
  </object>
  <object type="animation" model="Tree.b3d" xyz="58.91 -4.10 35.63" hpr="-0.0 90.0 0.0" scale="2.23 2.23 1.31"  interaction="ghost">
  </object>
  <object type="animation" model="Tree.b3d" xyz="64.76 -5.14 39.10" hpr="-0.0 90.0 0.0" scale="2.23 2.23 1.31"  interaction="ghost">
  </object>
  <object type="animation" model="Tree.b3d" xyz="60.78 -3.28 31.75" hpr="-0.0 90.0 0.0" scale="2.23 2.23 1.31"  interaction="ghost">
  </object>
  <object type="animation" model="Tree.b3d" xyz="60.14 -3.91 34.55" hpr="-0.0 90.0 0.0" scale="2.23 2.23 1.31"  interaction="ghost">
  </object>
  <object type="animation" model="Tree.b3d" xyz="68.65 -3.82 25.93" hpr="-0.0 90.0 0.0" scale="2.23 2.23 1.31"  interaction="ghost">
  </object>
  <object type="animation" model="Tree.b3d" xyz="62.43 -2.18 26.06" hpr="-0.0 90.0 0.0" scale="2.23 2.23 1.31"  interaction="ghost">
  </object>
  <object type="animation" model="Tree.b3d" xyz="69.30 -4.62 29.52" hpr="-0.0 90.0 0.0" scale="2.23 2.23 1.31"  interaction="ghost">
  </object>
  <object type="animation" model="Tree.b3d" xyz="78.58 -15.41 65.62" hpr="-0.0 90.0 0.0" scale="2.23 2.23 1.31"  interaction="ghost">
  </object>
  <object type="animation" model="Tree.b3d" xyz="72.97 -1.73 17.79" hpr="-0.0 90.0 0.0" scale="2.23 2.23 1.31"  interaction="ghost">
  </object>
  <object type="animation" model="Tree.b3d" xyz="68.70 -14.19 70.41" hpr="-0.0 90.0 0.0" scale="2.23 2.23 1.31"  interaction="ghost">
  </object>
  <object type="animation" model="Tree.b3d" xyz="66.67 -8.54 52.36" hpr="-0.0 90.0 0.0" scale="2.23 2.23 1.31"  interaction="ghost">
  </object>
  <object type="animation" model="Tree.b3d" xyz="102.45 -10.07 -122.25" hpr="-0.0 90.0 0.0" scale="2.23 2.23 1.31"  interaction="ghost">
  </object>
  <object type="animation" model="Tree.b3d" xyz="72.73 2.53 9.48" hpr="-0.0 90.0 0.0" scale="2.23 2.23 1.31"  interaction="ghost">
  </object>
  <object type="animation" model="Tree.b3d" xyz="90.94 0.88 8.07" hpr="-0.0 90.0 0.0" scale="2.23 2.23 1.31"  interaction="ghost">
  </object>
  <object type="animation" model="Tree.b3d" xyz="71.75 -7.82 47.37" hpr="-0.0 90.0 0.0" scale="2.23 2.23 1.31"  interaction="ghost">
  </object>
  <object type="animation" model="Tree.b3d" xyz="73.75 -9.08 47.13" hpr="-0.0 90.0 0.0" scale="2.23 2.23 1.31"  interaction="ghost">
  </object>
  <object type="animation" model="Tree.b3d" xyz="70.56 -16.54 -60.95" hpr="-0.0 90.0 0.0" scale="2.23 2.23 1.31"  interaction="ghost">
  </object>
  <object type="animation" model="Tree.b3d" xyz="118.73 -9.23 -89.64" hpr="-0.0 90.0 0.0" scale="2.23 2.23 1.31"  interaction="ghost">
  </object>
  <object type="animation" model="Tree.b3d" xyz="38.87 -16.99 -202.65" hpr="-0.0 90.0 0.0" scale="2.23 2.23 1.31"  interaction="ghost">
  </object>
  <object type="animation" model="Tree.b3d" xyz="140.65 -16.12 -45.51" hpr="-0.0 90.0 0.0" scale="2.23 2.23 1.31"  interaction="ghost">
  </object>
  <object type="animation" model="Tree.b3d" xyz="144.82 -15.88 -40.85" hpr="-0.0 90.0 0.0" scale="2.23 2.23 1.31"  interaction="ghost">
  </object>
  <object type="animation" model="Tree.b3d" xyz="132.47 -13.55 20.32" hpr="-0.0 90.0 0.0" scale="2.23 2.23 1.31"  interaction="ghost">
  </object>
  <object type="animation" model="Tree.b3d" xyz="123.17 -10.91 14.57" hpr="-0.0 90.0 0.0" scale="2.23 2.23 1.31"  interaction="ghost">
  </object>
  <object type="animation" model="Tree.b3d" xyz="122.97 -10.94 14.84" hpr="-0.0 90.0 0.0" scale="2.23 2.23 1.31"  interaction="ghost">
  </object>
  <object type="animation" model="Tree.b3d" xyz="134.75 -12.37 9.61" hpr="-0.0 90.0 0.0" scale="2.23 2.23 1.31"  interaction="ghost">
  </object>
  <object type="animation" model="Tree.b3d" xyz="133.21 -14.21 24.06" hpr="-0.0 90.0 0.0" scale="2.23 2.23 1.31"  interaction="ghost">
  </object>
  <object type="animation" model="Tree.b3d" xyz="118.91 -11.94 21.75" hpr="-0.0 90.0 0.0" scale="2.23 2.23 1.31"  interaction="ghost">
  </object>
  <object type="animation" model="Tree.b3d" xyz="126.95 -13.29 23.03" hpr="-0.0 90.0 0.0" scale="2.23 2.23 1.31"  interaction="ghost">
  </object>
  <object type="animation" model="Tree.b3d" xyz="119.27 -10.19 14.98" hpr="-0.0 90.0 0.0" scale="2.23 2.23 1.31"  interaction="ghost">
  </object>
  <object type="animation" model="Tree.b3d" xyz="127.52 -12.40 17.78" hpr="-0.0 90.0 0.0" scale="2.23 2.23 1.31"  interaction="ghost">
  </object>
  <object type="animation" model="Tree.b3d" xyz="124.98 -12.68 21.21" hpr="-0.0 90.0 0.0" scale="2.23 2.23 1.31"  interaction="ghost">
  </object>
  <object type="animation" model="Tree.b3d" xyz="111.16 -12.89 -43.96" hpr="-0.0 90.0 0.0" scale="2.23 2.23 1.31"  interaction="ghost">
  </object>
  <object type="animation" model="Tree.b3d" xyz="115.76 -9.00 -104.16" hpr="-0.0 90.0 0.0" scale="2.23 2.23 1.31"  interaction="ghost">
  </object>
  <object type="animation" model="Tree.b3d" xyz="105.57 -16.44 44.96" hpr="-0.0 90.0 0.0" scale="2.23 2.23 1.31"  interaction="ghost">
  </object>
  <object type="animation" model="Tree.b3d" xyz="111.45 -15.38 41.96" hpr="-0.0 90.0 0.0" scale="2.23 2.23 1.31"  interaction="ghost">
  </object>
  <object type="animation" model="Tree.b3d" xyz="112.66 -15.42 48.40" hpr="-0.0 90.0 0.0" scale="2.23 2.23 1.31"  interaction="ghost">
  </object>
  <object type="animation" model="Tree.b3d" xyz="114.15 -15.10 45.69" hpr="-0.0 90.0 0.0" scale="2.23 2.23 1.31"  interaction="ghost">
  </object>
  <object type="animation" model="Tree.b3d" xyz="95.21 -4.37 -110.02" hpr="-0.0 90.0 0.0" scale="2.23 2.23 1.31"  interaction="ghost">
  </object>
  <object type="animation" model="Tree.b3d" xyz="114.27 -7.81 -96.77" hpr="-0.0 90.0 0.0" scale="2.23 2.23 1.31"  interaction="ghost">
  </object>
  <object type="animation" model="Tree.b3d" xyz="117.08 -16.92 65.05" hpr="-0.0 90.0 0.0" scale="2.23 2.23 1.31"  interaction="ghost">
  </object>
  <object type="animation" model="Tree.b3d" xyz="111.52 -15.32 39.80" hpr="-0.0 90.0 0.0" scale="2.23 2.23 1.31"  interaction="ghost">
  </object>
  <object type="animation" model="Tree.b3d" xyz="101.83 -16.98 37.53" hpr="-0.0 90.0 0.0" scale="2.23 2.23 1.31"  interaction="ghost">
  </object>
  <object type="animation" model="Tree.b3d" xyz="102.63 -16.85 40.32" hpr="-0.0 90.0 0.0" scale="2.23 2.23 1.31"  interaction="ghost">
  </object>
  <object type="animation" model="Tree.b3d" xyz="153.16 -17.68 -55.56" hpr="-0.0 90.0 0.0" scale="2.23 2.23 1.31"  interaction="ghost">
  </object>
  <object type="animation" model="Tree.b3d" xyz="154.48 -17.68 -53.91" hpr="-0.0 90.0 0.0" scale="2.23 2.23 1.31"  interaction="ghost">
  </object>
  <object type="animation" model="Tree.b3d" xyz="128.09 -14.15 -43.78" hpr="-0.0 90.0 0.0" scale="2.23 2.23 1.31"  interaction="ghost">
  </object>
  <object type="animation" model="Tree.b3d" xyz="135.31 -16.59 -50.52" hpr="-0.0 90.0 0.0" scale="2.23 2.23 1.31"  interaction="ghost">
  </object>
  <object type="animation" model="Tree.b3d" xyz="131.85 -13.31 -38.93" hpr="-0.0 90.0 0.0" scale="2.23 2.23 1.31"  interaction="ghost">
  </object>
  <object type="animation" model="Tree.b3d" xyz="138.02 -13.79 13.67" hpr="-0.0 90.0 0.0" scale="2.23 2.23 1.31"  interaction="ghost">
  </object>
  <object type="animation" model="Tree.b3d" xyz="136.42 -14.20 19.78" hpr="-0.0 90.0 0.0" scale="2.23 2.23 1.31"  interaction="ghost">
  </object>
  <object type="animation" model="Tree.b3d" xyz="116.55 -14.08 33.88" hpr="-0.0 90.0 0.0" scale="2.23 2.23 1.31"  interaction="ghost">
  </object>
  <object type="animation" model="Tree.b3d" xyz="119.12 -13.77 30.28" hpr="-0.0 90.0 0.0" scale="2.23 2.23 1.31"  interaction="ghost">
  </object>
  <object type="animation" model="Tree.b3d" xyz="117.65 -13.97 32.45" hpr="-0.0 90.0 0.0" scale="2.23 2.23 1.31"  interaction="ghost">
  </object>
  <object type="animation" model="Tree.b3d" xyz="125.99 -14.03 27.53" hpr="-0.0 90.0 0.0" scale="2.23 2.23 1.31"  interaction="ghost">
  </object>
  <object type="animation" model="Tree.b3d" xyz="117.08 -13.77 31.60" hpr="-0.0 90.0 0.0" scale="2.23 2.23 1.31"  interaction="ghost">
  </object>
  <object type="animation" model="Tree.b3d" xyz="111.52 -17.50 79.70" hpr="-0.0 90.0 0.0" scale="2.23 2.23 1.31"  interaction="ghost">
  </object>
  <object type="animation" model="Tree.b3d" xyz="105.89 -16.85 63.25" hpr="-0.0 90.0 0.0" scale="2.23 2.23 1.31"  interaction="ghost">
  </object>
  <object type="animation" model="Tree.b3d" xyz="113.79 -17.36 74.40" hpr="-0.0 90.0 0.0" scale="2.23 2.23 1.31"  interaction="ghost">
  </object>
  <object type="animation" model="Tree.b3d" xyz="105.38 -17.10 67.82" hpr="-0.0 90.0 0.0" scale="2.23 2.23 1.31"  interaction="ghost">
  </object>
  <object type="animation" model="Tree.b3d" xyz="102.76 -17.09 67.12" hpr="-0.0 90.0 0.0" scale="2.23 2.23 1.31"  interaction="ghost">
  </object>
  <object type="animation" model="Tree.b3d" xyz="-28.27 5.33 -24.73" hpr="-0.0 90.0 0.0" scale="2.23 2.23 1.31"  interaction="ghost">
  </object>
  <object type="animation" model="Tree.b3d" xyz="90.53 -2.27 -91.00" hpr="-0.0 90.0 0.0" scale="2.23 2.23 1.31"  interaction="ghost">
  </object>
  <object type="animation" model="Tree.b3d" xyz="-20.72 -2.90 18.57" hpr="-0.0 90.0 0.0" scale="2.23 2.23 1.31"  interaction="ghost">
  </object>
  <object type="animation" model="Tree.b3d" xyz="-27.23 -5.30 25.47" hpr="-0.0 90.0 0.0" scale="2.23 2.23 1.31"  interaction="ghost">
  </object>
  <object type="animation" model="Tree.b3d" xyz="-19.83 -1.52 11.80" hpr="-0.0 90.0 0.0" scale="2.23 2.23 1.31"  interaction="ghost">
  </object>
  <object type="animation" model="Tree.b3d" xyz="-59.39 -13.89 45.50" hpr="-0.0 90.0 0.0" scale="2.23 2.23 1.31"  interaction="ghost">
  </object>
  <object type="animation" model="Tree.b3d" xyz="-56.95 -12.22 39.54" hpr="-0.0 90.0 0.0" scale="2.23 2.23 1.31"  interaction="ghost">
  </object>
  <object type="animation" model="Tree.b3d" xyz="-43.44 -12.59 46.52" hpr="-0.0 90.0 0.0" scale="2.23 2.23 1.31"  interaction="ghost">
  </object>
  <object type="animation" model="Tree.b3d" xyz="-36.22 -17.52 54.22" hpr="-0.0 90.0 0.0" scale="2.23 2.23 1.31"  interaction="ghost">
  </object>
  <object type="animation" model="Tree.b3d" xyz="-41.76 -7.33 28.25" hpr="-0.0 90.0 0.0" scale="2.23 2.23 1.31"  interaction="ghost">
  </object>
  <object type="animation" model="Tree.b3d" xyz="-36.83 -12.12 43.39" hpr="-0.0 90.0 0.0" scale="2.23 2.23 1.31"  interaction="ghost">
  </object>
  <object type="animation" model="Tree.b3d" xyz="-32.79 -8.40 15.85" hpr="-0.0 90.0 0.0" scale="2.23 2.23 1.31"  interaction="ghost">
  </object>
  <object type="animation" model="Tree.b3d" xyz="-58.78 -13.60 32.39" hpr="-0.0 90.0 0.0" scale="2.23 2.23 1.31"  interaction="ghost">
  </object>
  <object type="animation" model="Tree.b3d" xyz="-38.03 -6.45 32.94" hpr="-0.0 90.0 0.0" scale="2.23 2.23 1.31"  interaction="ghost">
  </object>
  <object type="animation" model="Tree.b3d" xyz="-39.03 -7.26 24.95" hpr="-0.0 90.0 0.0" scale="2.23 2.23 1.31"  interaction="ghost">
  </object>
  <object type="animation" model="Tree.b3d" xyz="-35.26 -7.60 20.28" hpr="-0.0 90.0 0.0" scale="2.23 2.23 1.31"  interaction="ghost">
  </object>
  <object type="animation" model="Tree.b3d" xyz="119.86 -10.13 -37.11" hpr="-0.0 90.0 0.0" scale="2.23 2.23 1.31"  interaction="ghost">
  </object>
  <object type="animation" model="Tree.b3d" xyz="123.81 -10.32 -35.91" hpr="-0.0 90.0 0.0" scale="2.23 2.23 1.31"  interaction="ghost">
  </object>
  <object type="animation" model="Tree.b3d" xyz="-30.12 -4.30 23.06" hpr="-0.0 90.0 0.0" scale="2.23 2.23 1.31"  interaction="ghost">
  </object>
  <object type="animation" model="Tree.b3d" xyz="101.76 -17.12 49.44" hpr="-0.0 90.0 0.0" scale="2.23 2.23 1.31"  interaction="ghost">
  </object>
  <object type="animation" model="Tree.b3d" xyz="126.87 -16.34 -50.13" hpr="-0.0 90.0 0.0" scale="2.23 2.23 1.31"  interaction="ghost">
  </object>
  <object type="animation" model="Tree.b3d" xyz="-44.50 -13.18 21.25" hpr="-0.0 90.0 0.0" scale="2.23 2.23 1.31"  interaction="ghost">
  </object>
  <object type="animation" model="Tree.b3d" xyz="-45.75 -15.83 18.28" hpr="-0.0 90.0 0.0" scale="2.23 2.23 1.31"  interaction="ghost">
  </object>
  <object type="animation" model="Tree.b3d" xyz="-24.17 -4.17 11.08" hpr="-0.0 90.0 0.0" scale="2.23 2.23 1.31"  interaction="ghost">
  </object>
  <object type="animation" model="Tree.b3d" xyz="113.00 -14.49 37.02" hpr="-0.0 90.0 0.0" scale="2.23 2.23 1.31"  interaction="ghost">
  </object>
  <object type="animation" model="Tree.b3d" xyz="105.73 -15.96 34.72" hpr="-0.0 90.0 0.0" scale="2.23 2.23 1.31"  interaction="ghost">
  </object>
  <object type="animation" model="Tree.b3d" xyz="-11.69 1.51 -2.52" hpr="-0.0 90.0 0.0" scale="2.23 2.23 1.31"  interaction="ghost">
  </object>
  <object type="animation" model="Tree.b3d" xyz="-9.15 -15.11 22.40" hpr="-0.0 90.0 0.0" scale="2.23 2.23 1.31"  interaction="ghost">
  </object>
  <object type="animation" model="Tree.b3d" xyz="-12.23 -15.92 26.07" hpr="-0.0 90.0 0.0" scale="2.23 2.23 1.31"  interaction="ghost">
  </object>
  <object type="animation" model="Tree.b3d" xyz="-5.03 -7.63 16.24" hpr="-0.0 90.0 0.0" scale="2.23 2.23 1.31"  interaction="ghost">
  </object>
  <object type="animation" model="Tree.b3d" xyz="-18.18 -0.89 5.08" hpr="-0.0 90.0 0.0" scale="2.23 2.23 1.31"  interaction="ghost">
  </object>
  <object type="animation" model="Tree.b3d" xyz="-20.10 -2.96 6.09" hpr="-0.0 90.0 0.0" scale="2.23 2.23 1.31"  interaction="ghost">
  </object>
  <object type="animation" model="Tree.b3d" xyz="-54.21 -5.97 -6.98" hpr="-0.0 90.0 0.0" scale="2.23 2.23 1.31"  interaction="ghost">
  </object>
  <object type="animation" model="Tree.b3d" xyz="-76.98 -5.52 -7.77" hpr="-0.0 90.0 0.0" scale="2.23 2.23 1.31"  interaction="ghost">
  </object>
  <object type="animation" model="Tree.b3d" xyz="-78.04 -16.10 14.03" hpr="-0.0 90.0 0.0" scale="2.23 2.23 1.31"  interaction="ghost">
  </object>
  <object type="animation" model="Tree.b3d" xyz="-83.73 -18.10 46.29" hpr="-0.0 90.0 0.0" scale="2.23 2.23 1.31"  interaction="ghost">
  </object>
  <object type="animation" model="Tree.b3d" xyz="-83.11 -18.04 49.85" hpr="-0.0 90.0 0.0" scale="2.23 2.23 1.31"  interaction="ghost">
  </object>
  <object type="animation" model="Tree.b3d" xyz="-91.11 -13.69 8.38" hpr="-0.0 90.0 0.0" scale="2.23 2.23 1.31"  interaction="ghost">
  </object>
  <object type="animation" model="Tree.b3d" xyz="-93.20 -13.48 7.18" hpr="-0.0 90.0 0.0" scale="2.23 2.23 1.31"  interaction="ghost">
  </object>
  <object type="animation" model="Tree.b3d" xyz="-102.49 -15.51 13.31" hpr="-0.0 90.0 0.0" scale="2.23 2.23 1.31"  interaction="ghost">
  </object>
  <object type="animation" model="Tree.b3d" xyz="-104.63 -13.37 1.73" hpr="-0.0 90.0 0.0" scale="2.23 2.23 1.31"  interaction="ghost">
  </object>
  <object type="animation" model="Tree.b3d" xyz="-102.44 -11.15 -2.18" hpr="-0.0 90.0 0.0" scale="2.23 2.23 1.31"  interaction="ghost">
  </object>
  <object type="animation" model="Tree.b3d" xyz="-98.50 -10.91 -1.72" hpr="-0.0 90.0 0.0" scale="2.23 2.23 1.31"  interaction="ghost">
  </object>
  <object type="animation" model="Tree.b3d" xyz="-85.96 -17.89 22.42" hpr="-0.0 90.0 0.0" scale="2.23 2.23 1.31"  interaction="ghost">
  </object>
  <object type="animation" model="Tree.b3d" xyz="-98.13 -16.23 15.62" hpr="-0.0 90.0 0.0" scale="2.23 2.23 1.31"  interaction="ghost">
  </object>
  <object type="animation" model="Tree.b3d" xyz="-85.18 -14.61 11.42" hpr="-0.0 90.0 0.0" scale="2.23 2.23 1.31"  interaction="ghost">
  </object>
  <object type="animation" model="Tree.b3d" xyz="-31.10 2.17 -18.38" hpr="-0.0 90.0 0.0" scale="2.23 2.23 1.31"  interaction="ghost">
  </object>
  <object type="animation" model="Tree.b3d" xyz="-117.76 -16.97 34.83" hpr="-0.0 90.0 0.0" scale="2.23 2.23 1.31"  interaction="ghost">
  </object>
  <object type="animation" model="Tree.b3d" xyz="-87.03 -17.97 53.69" hpr="-0.0 90.0 0.0" scale="2.23 2.23 1.31"  interaction="ghost">
  </object>
  <object type="animation" model="Tree.b3d" xyz="-85.51 -17.98 53.16" hpr="-0.0 90.0 0.0" scale="2.23 2.23 1.31"  interaction="ghost">
  </object>
  <object type="animation" model="Tree.b3d" xyz="-83.86 -17.97 54.04" hpr="-0.0 90.0 0.0" scale="2.23 2.23 1.31"  interaction="ghost">
  </object>
  <object type="animation" model="Tree.b3d" xyz="-85.46 -17.97 53.70" hpr="-0.0 90.0 0.0" scale="2.23 2.23 1.31"  interaction="ghost">
  </object>
  <object type="animation" model="Tree.b3d" xyz="-87.46 -18.14 34.78" hpr="-0.0 90.0 0.0" scale="2.23 2.23 1.31"  interaction="ghost">
  </object>
  <object type="animation" model="Tree.b3d" xyz="-92.12 -18.09 34.95" hpr="-0.0 90.0 0.0" scale="2.23 2.23 1.31"  interaction="ghost">
  </object>
  <object type="animation" model="Tree.b3d" xyz="-109.73 -15.04 7.43" hpr="-0.0 90.0 0.0" scale="2.23 2.23 1.31"  interaction="ghost">
  </object>
  <object type="animation" model="Tree.b3d" xyz="-118.95 -16.40 17.12" hpr="-0.0 90.0 0.0" scale="2.23 2.23 1.31"  interaction="ghost">
  </object>
  <object type="animation" model="Tree.b3d" xyz="-108.79 -15.57 11.85" hpr="-0.0 90.0 0.0" scale="2.23 2.23 1.31"  interaction="ghost">
  </object>
  <object type="animation" model="Tree.b3d" xyz="-90.15 -3.35 -16.17" hpr="-0.0 90.0 0.0" scale="2.23 2.23 1.31"  interaction="ghost">
  </object>
  <object type="animation" model="Tree.b3d" xyz="-98.64 -5.42 -16.39" hpr="-0.0 90.0 0.0" scale="2.23 2.23 1.31"  interaction="ghost">
  </object>
  <object type="animation" model="Tree.b3d" xyz="-84.64 -2.83 -14.79" hpr="-0.0 90.0 0.0" scale="2.23 2.23 1.31"  interaction="ghost">
  </object>
  <object type="animation" model="Tree.b3d" xyz="-120.54 -14.89 0.72" hpr="-0.0 90.0 0.0" scale="2.23 2.23 1.31"  interaction="ghost">
  </object>
  <object type="animation" model="Tree.b3d" xyz="-116.16 -13.67 -1.46" hpr="-0.0 90.0 0.0" scale="2.23 2.23 1.31"  interaction="ghost">
  </object>
  <object type="animation" model="Tree.b3d" xyz="-128.58 -15.98 -3.93" hpr="-0.0 90.0 0.0" scale="2.23 2.23 1.31"  interaction="ghost">
  </object>
  <object type="animation" model="Tree.b3d" xyz="-110.22 -10.19 -11.01" hpr="-0.0 90.0 0.0" scale="2.23 2.23 1.31"  interaction="ghost">
  </object>
  <object type="animation" model="Tree.b3d" xyz="-121.61 -13.05 -10.64" hpr="-0.0 90.0 0.0" scale="2.23 2.23 1.31"  interaction="ghost">
  </object>
  <object type="animation" model="Tree.b3d" xyz="-106.60 -17.07 65.27" hpr="-0.0 90.0 0.0" scale="2.23 2.23 1.31"  interaction="ghost">
  </object>
  <object type="animation" model="Tree.b3d" xyz="-100.14 -17.37 68.09" hpr="-0.0 90.0 0.0" scale="2.23 2.23 1.31"  interaction="ghost">
  </object>
  <object type="animation" model="Tree.b3d" xyz="-105.84 -16.97 71.09" hpr="-0.0 90.0 0.0" scale="2.23 2.23 1.31"  interaction="ghost">
  </object>
  <object type="animation" model="Tree.b3d" xyz="-116.11 -17.07 28.90" hpr="-0.0 90.0 0.0" scale="2.23 2.23 1.31"  interaction="ghost">
  </object>
  <object type="animation" model="Tree.b3d" xyz="-104.84 -17.64 27.87" hpr="-0.0 90.0 0.0" scale="2.23 2.23 1.31"  interaction="ghost">
  </object>
  <object type="animation" model="Tree.b3d" xyz="-112.64 -17.23 32.51" hpr="-0.0 90.0 0.0" scale="2.23 2.23 1.31"  interaction="ghost">
  </object>
  <object type="animation" model="Tree.b3d" xyz="-110.26 -17.36 22.93" hpr="-0.0 90.0 0.0" scale="2.23 2.23 1.31"  interaction="ghost">
  </object>
  <object type="animation" model="Tree.b3d" xyz="-103.20 -17.72 39.99" hpr="-0.0 90.0 0.0" scale="2.23 2.23 1.31"  interaction="ghost">
  </object>
  <object type="animation" model="Tree.b3d" xyz="-118.72 -16.86 46.32" hpr="-0.0 90.0 0.0" scale="2.23 2.23 1.31"  interaction="ghost">
  </object>
  <object type="animation" model="Tree.b3d" xyz="-112.98 -17.21 38.38" hpr="-0.0 90.0 0.0" scale="2.23 2.23 1.31"  interaction="ghost">
  </object>
  <object type="animation" model="Tree.b3d" xyz="-104.93 -17.62 41.35" hpr="-0.0 90.0 0.0" scale="2.23 2.23 1.31"  interaction="ghost">
  </object>
  <object type="animation" model="Tree.b3d" xyz="-98.09 -17.80 53.21" hpr="-0.0 90.0 0.0" scale="2.23 2.23 1.31"  interaction="ghost">
  </object>
  <object type="animation" model="Tree.b3d" xyz="-102.27 -17.62 51.15" hpr="-0.0 90.0 0.0" scale="2.23 2.23 1.31"  interaction="ghost">
  </object>
  <object type="animation" model="Tree.b3d" xyz="-110.91 -17.14 53.18" hpr="-0.0 90.0 0.0" scale="2.23 2.23 1.31"  interaction="ghost">
  </object>
  <object type="animation" model="Tree.b3d" xyz="-113.19 -16.84 60.34" hpr="-0.0 90.0 0.0" scale="2.23 2.23 1.31"  interaction="ghost">
  </object>
  <object type="animation" model="Tree.b3d" xyz="-102.85 -17.45 57.90" hpr="-0.0 90.0 0.0" scale="2.23 2.23 1.31"  interaction="ghost">
  </object>
  <object type="animation" model="Tree.b3d" xyz="-109.94 -17.20 52.70" hpr="-0.0 90.0 0.0" scale="2.23 2.23 1.31"  interaction="ghost">
  </object>
  <object type="animation" model="Tree.b3d" xyz="-104.65 -17.44 54.19" hpr="-0.0 90.0 0.0" scale="2.23 2.23 1.31"  interaction="ghost">
  </object>
  <object type="animation" model="Tree.b3d" xyz="32.79 -17.71 -219.71" hpr="-0.0 90.0 0.0" scale="2.23 2.23 1.31"  interaction="ghost">
  </object>
  <object type="animation" model="Tree.b3d" xyz="33.30 -17.69 -227.51" hpr="-0.0 90.0 0.0" scale="2.23 2.23 1.31"  interaction="ghost">
  </object>
  <object type="animation" model="Tree.b3d" xyz="10.88 -16.90 -234.19" hpr="-0.0 90.0 0.0" scale="2.23 2.23 1.31"  interaction="ghost">
  </object>
  <object type="animation" model="Tree.b3d" xyz="10.70 -16.74 -239.73" hpr="-0.0 90.0 0.0" scale="2.23 2.23 1.31"  interaction="ghost">
  </object>
  <object type="animation" model="Tree.b3d" xyz="26.18 -16.91 -239.24" hpr="-0.0 90.0 0.0" scale="2.23 2.23 1.31"  interaction="ghost">
  </object>
  <object type="animation" model="Tree.b3d" xyz="30.56 0.62 -75.88" hpr="-0.0 90.0 0.0" scale="2.23 2.23 1.31"  interaction="ghost">
  </object>
  <object type="animation" model="Tree.b3d" xyz="-37.86 -0.38 -16.01" hpr="-0.0 90.0 0.0" scale="2.23 2.23 1.31"  interaction="ghost">
  </object>
  <object type="animation" model="Tree.b3d" xyz="-35.20 4.10 -22.28" hpr="-0.0 90.0 0.0" scale="2.23 2.23 1.31"  interaction="ghost">
  </object>
  <object type="animation" model="Tree.b3d" xyz="-77.38 -2.99 -11.37" hpr="-0.0 90.0 0.0" scale="2.23 2.23 1.31"  interaction="ghost">
  </object>
  <object type="animation" model="Tree.b3d" xyz="-48.90 0.25 -13.91" hpr="-0.0 90.0 0.0" scale="2.23 2.23 1.31"  interaction="ghost">
  </object>
  <object type="animation" model="Tree.b3d" xyz="139.92 -17.57 -61.73" hpr="-0.0 90.0 0.0" scale="2.23 2.23 1.31"  interaction="ghost">
  </object>
  <object type="animation" model="Tree.b3d" xyz="144.49 -17.45 -59.39" hpr="-0.0 90.0 0.0" scale="2.23 2.23 1.31"  interaction="ghost">
  </object>
  <object type="animation" model="Tree.b3d" xyz="128.66 -15.99 -69.87" hpr="-0.0 90.0 0.0" scale="2.23 2.23 1.31"  interaction="ghost">
  </object>
  <object type="animation" model="Tree.b3d" xyz="163.98 -17.72 -78.28" hpr="-0.0 90.0 0.0" scale="2.23 2.23 1.31"  interaction="ghost">
  </object>
  <object type="animation" model="Tree.b3d" xyz="152.78 -17.69 -87.72" hpr="-0.0 90.0 0.0" scale="2.23 2.23 1.31"  interaction="ghost">
  </object>
  <object type="animation" model="Tree.b3d" xyz="46.71 -17.78 -224.57" hpr="-0.0 90.0 0.0" scale="2.23 2.23 1.31"  interaction="ghost">
  </object>
  <object type="animation" model="Tree.b3d" xyz="51.23 -17.79 -225.04" hpr="-0.0 90.0 0.0" scale="2.23 2.23 1.31"  interaction="ghost">
  </object>
  <object type="animation" model="Tree.b3d" xyz="46.92 -17.78 -224.09" hpr="-0.0 90.0 0.0" scale="2.23 2.23 1.31"  interaction="ghost">
  </object>
  <object type="animation" model="Tree.b3d" xyz="56.47 -17.40 -235.43" hpr="-0.0 90.0 0.0" scale="2.23 2.23 1.31"  interaction="ghost">
  </object>
  <object type="animation" model="Tree.b3d" xyz="52.18 -17.24 -238.01" hpr="-0.0 90.0 0.0" scale="2.23 2.23 1.31"  interaction="ghost">
  </object>
  <object type="animation" model="Tree.b3d" xyz="45.74 -16.79 -244.20" hpr="-0.0 90.0 0.0" scale="2.23 2.23 1.31"  interaction="ghost">
  </object>
  <object type="animation" model="Tree.b3d" xyz="34.64 -17.66 -229.85" hpr="-0.0 90.0 0.0" scale="2.23 2.23 1.31"  interaction="ghost">
  </object>
  <object type="animation" model="Tree.b3d" xyz="41.48 -17.38 -235.34" hpr="-0.0 90.0 0.0" scale="2.23 2.23 1.31"  interaction="ghost">
  </object>
  <object type="animation" model="Tree.b3d" xyz="73.19 -17.04 -238.35" hpr="-0.0 90.0 0.0" scale="2.23 2.23 1.31"  interaction="ghost">
  </object>
  <object type="animation" model="Tree.b3d" xyz="64.02 -17.58 -231.50" hpr="-0.0 90.0 0.0" scale="2.23 2.23 1.31"  interaction="ghost">
  </object>
  <object type="animation" model="Tree.b3d" xyz="54.27 -17.82 -221.50" hpr="-0.0 90.0 0.0" scale="2.23 2.23 1.31"  interaction="ghost">
  </object>
  <object type="animation" model="Tree.b3d" xyz="19.61 -17.44 -222.94" hpr="-0.0 90.0 0.0" scale="2.23 2.23 1.31"  interaction="ghost">
  </object>
  <object type="animation" model="Tree.b3d" xyz="19.53 -17.47 -219.77" hpr="-0.0 90.0 0.0" scale="2.23 2.23 1.31"  interaction="ghost">
  </object>
  <object type="animation" model="Tree.b3d" xyz="23.11 -17.61 -215.22" hpr="-0.0 90.0 0.0" scale="2.23 2.23 1.31"  interaction="ghost">
  </object>
  <object type="animation" model="Tree.b3d" xyz="19.32 -17.49 -217.93" hpr="-0.0 90.0 0.0" scale="2.23 2.23 1.31"  interaction="ghost">
  </object>
  <object type="animation" model="Tree.b3d" xyz="116.15 -16.85 -213.08" hpr="-0.0 90.0 0.0" scale="2.23 2.23 1.31"  interaction="ghost">
  </object>
  <object type="animation" model="Tree.b3d" xyz="114.76 -17.10 -203.08" hpr="-0.0 90.0 0.0" scale="2.23 2.23 1.31"  interaction="ghost">
  </object>
  <object type="animation" model="Tree.b3d" xyz="105.52 -17.39 -201.18" hpr="-0.0 90.0 0.0" scale="2.23 2.23 1.31"  interaction="ghost">
  </object>
  <object type="animation" model="Tree.b3d" xyz="115.23 -17.17 -199.19" hpr="-0.0 90.0 0.0" scale="2.23 2.23 1.31"  interaction="ghost">
  </object>
  <object type="animation" model="Tree.b3d" xyz="110.07 -17.38 -195.95" hpr="-0.0 90.0 0.0" scale="2.23 2.23 1.31"  interaction="ghost">
  </object>
  <object type="animation" model="Tree.b3d" xyz="110.65 -17.46 -191.27" hpr="-0.0 90.0 0.0" scale="2.23 2.23 1.31"  interaction="ghost">
  </object>
  <object type="animation" model="Tree.b3d" xyz="117.79 -17.04 -202.13" hpr="-0.0 90.0 0.0" scale="2.23 2.23 1.31"  interaction="ghost">
  </object>
  <object type="animation" model="Tree.b3d" xyz="100.03 -17.16 -215.87" hpr="-0.0 90.0 0.0" scale="2.23 2.23 1.31"  interaction="ghost">
  </object>
  <object type="animation" model="Tree.b3d" xyz="90.91 -17.77 -202.22" hpr="-0.0 90.0 0.0" scale="2.23 2.23 1.31"  interaction="ghost">
  </object>
  <object type="animation" model="Tree.b3d" xyz="95.48 -17.51 -207.73" hpr="-0.0 90.0 0.0" scale="2.23 2.23 1.31"  interaction="ghost">
  </object>
  <object type="animation" model="Tree.b3d" xyz="105.29 -17.08 -214.80" hpr="-0.0 90.0 0.0" scale="2.23 2.23 1.31"  interaction="ghost">
  </object>
  <object type="animation" model="Tree.b3d" xyz="114.46 -17.54 -158.96" hpr="-0.0 90.0 0.0" scale="2.23 2.23 1.31"  interaction="ghost">
  </object>
  <object type="animation" model="Tree.b3d" xyz="86.25 -17.92 -195.59" hpr="-0.0 90.0 0.0" scale="2.23 2.23 1.31"  interaction="ghost">
  </object>
  <object type="animation" model="Tree.b3d" xyz="84.88 -17.96 -182.36" hpr="-0.0 90.0 0.0" scale="2.23 2.23 1.31"  interaction="ghost">
  </object>
  <object type="animation" model="Tree.b3d" xyz="178.90 -16.91 -68.31" hpr="-0.0 90.0 0.0" scale="2.23 2.23 1.31"  interaction="ghost">
  </object>
  <object type="animation" model="Tree.b3d" xyz="174.70 -17.46 -52.66" hpr="-0.0 90.0 0.0" scale="2.23 2.23 1.31"  interaction="ghost">
  </object>
  <object type="animation" model="Tree.b3d" xyz="177.12 -17.09 -63.89" hpr="-0.0 90.0 0.0" scale="2.23 2.23 1.31"  interaction="ghost">
  </object>
  <object type="animation" model="Tree.b3d" xyz="136.97 -16.78 -190.20" hpr="-0.0 90.0 0.0" scale="2.23 2.23 1.31"  interaction="ghost">
  </object>
  <object type="animation" model="Tree.b3d" xyz="116.72 -17.48 -180.84" hpr="-0.0 90.0 0.0" scale="2.23 2.23 1.31"  interaction="ghost">
  </object>
  <object type="animation" model="Tree.b3d" xyz="117.20 -17.55 -175.43" hpr="-0.0 90.0 0.0" scale="2.23 2.23 1.31"  interaction="ghost">
  </object>
  <object type="animation" model="Tree.b3d" xyz="117.30 -17.34 -187.90" hpr="-0.0 90.0 0.0" scale="2.23 2.23 1.31"  interaction="ghost">
  </object>
  <object type="animation" model="Tree.b3d" xyz="126.69 -16.86 -199.00" hpr="-0.0 90.0 0.0" scale="2.23 2.23 1.31"  interaction="ghost">
  </object>
  <object type="animation" model="Tree.b3d" xyz="127.78 -17.11 -184.73" hpr="-0.0 90.0 0.0" scale="2.23 2.23 1.31"  interaction="ghost">
  </object>
  <object type="animation" model="Tree.b3d" xyz="161.55 -17.69 -53.98" hpr="-0.0 90.0 0.0" scale="2.23 2.23 1.31"  interaction="ghost">
  </object>
  <object type="animation" model="Tree.b3d" xyz="154.78 -17.69 -64.54" hpr="-0.0 90.0 0.0" scale="2.23 2.23 1.31"  interaction="ghost">
  </object>
  <object type="animation" model="Tree.b3d" xyz="171.83 -17.70 -49.24" hpr="-0.0 90.0 0.0" scale="2.23 2.23 1.31"  interaction="ghost">
  </object>
  <object type="animation" model="Tree.b3d" xyz="157.60 -17.71 -75.59" hpr="-0.0 90.0 0.0" scale="2.23 2.23 1.31"  interaction="ghost">
  </object>
  <object type="animation" model="Tree.b3d" xyz="150.80 -17.71 -79.98" hpr="-0.0 90.0 0.0" scale="2.23 2.23 1.31"  interaction="ghost">
  </object>
  <object type="animation" model="Tree.b3d" xyz="162.25 -17.68 -47.23" hpr="-0.0 90.0 0.0" scale="2.23 2.23 1.31"  interaction="ghost">
  </object>
  <object type="animation" model="Tree.b3d" xyz="158.35 -17.71 -71.39" hpr="-0.0 90.0 0.0" scale="2.23 2.23 1.31"  interaction="ghost">
  </object>
  <object type="animation" model="Tree.b3d" xyz="168.07 -17.70 -57.36" hpr="-0.0 90.0 0.0" scale="2.23 2.23 1.31"  interaction="ghost">
  </object>
  <object type="animation" model="Tree.b3d" xyz="169.74 -17.70 -53.64" hpr="-0.0 90.0 0.0" scale="2.23 2.23 1.31"  interaction="ghost">
  </object>
  <object type="animation" model="Tree.b3d" xyz="168.21 -17.70 -49.72" hpr="-0.0 90.0 0.0" scale="2.23 2.23 1.31"  interaction="ghost">
  </object>
  <object type="animation" model="Tree.b3d" xyz="157.87 -17.71 -76.90" hpr="-0.0 90.0 0.0" scale="2.23 2.23 1.31"  interaction="ghost">
  </object>
  <object type="animation" model="Tree.b3d" xyz="163.10 -17.69 -55.50" hpr="-0.0 90.0 0.0" scale="2.23 2.23 1.31"  interaction="ghost">
  </object>
  <object type="animation" model="Tree.b3d" xyz="126.69 -17.34 -146.72" hpr="-0.0 90.0 0.0" scale="2.23 2.23 1.31"  interaction="ghost">
  </object>
  <object type="animation" model="Tree.b3d" xyz="114.13 -17.26 -143.78" hpr="-0.0 90.0 0.0" scale="2.23 2.23 1.31"  interaction="ghost">
  </object>
  <object type="animation" model="Tree.b3d" xyz="115.00 -17.33 -147.16" hpr="-0.0 90.0 0.0" scale="2.23 2.23 1.31"  interaction="ghost">
  </object>
  <object type="animation" model="Tree.b3d" xyz="124.05 -17.36 -147.89" hpr="-0.0 90.0 0.0" scale="2.23 2.23 1.31"  interaction="ghost">
  </object>
  <object type="animation" model="Tree.b3d" xyz="124.94 -17.46 -153.41" hpr="-0.0 90.0 0.0" scale="2.23 2.23 1.31"  interaction="ghost">
  </object>
  <object type="animation" model="Tree.b3d" xyz="129.12 -17.44 -151.87" hpr="-0.0 90.0 0.0" scale="2.23 2.23 1.31"  interaction="ghost">
  </object>
  <object type="animation" model="Tree.b3d" xyz="113.17 -17.39 -150.93" hpr="-0.0 90.0 0.0" scale="2.23 2.23 1.31"  interaction="ghost">
  </object>
  <object type="animation" model="Tree.b3d" xyz="122.71 -17.57 -159.50" hpr="-0.0 90.0 0.0" scale="2.23 2.23 1.31"  interaction="ghost">
  </object>
  <object type="animation" model="Tree.b3d" xyz="125.55 -17.48 -154.53" hpr="-0.0 90.0 0.0" scale="2.23 2.23 1.31"  interaction="ghost">
  </object>
  <object type="animation" model="Tree.b3d" xyz="79.27 -17.65 -219.30" hpr="-0.0 90.0 0.0" scale="2.23 2.23 1.31"  interaction="ghost">
  </object>
  <object type="animation" model="Tree.b3d" xyz="82.46 -17.78 -211.33" hpr="-0.0 90.0 0.0" scale="2.23 2.23 1.31"  interaction="ghost">
  </object>
  <object type="animation" model="Tree.b3d" xyz="87.57 -17.30 -222.43" hpr="-0.0 90.0 0.0" scale="2.23 2.23 1.31"  interaction="ghost">
  </object>
  <object type="animation" model="Tree.b3d" xyz="73.53 -17.50 -229.44" hpr="-0.0 90.0 0.0" scale="2.23 2.23 1.31"  interaction="ghost">
  </object>
  <object type="animation" model="Tree.b3d" xyz="76.94 -17.55 -224.74" hpr="-0.0 90.0 0.0" scale="2.23 2.23 1.31"  interaction="ghost">
  </object>
  <object type="animation" model="Tree.b3d" xyz="81.62 -17.34 -226.36" hpr="-0.0 90.0 0.0" scale="2.23 2.23 1.31"  interaction="ghost">
  </object>
  <object type="animation" model="Tree.b3d" xyz="77.23 -17.34 -230.49" hpr="-0.0 90.0 0.0" scale="2.23 2.23 1.31"  interaction="ghost">
  </object>
  <object type="animation" model="Tree.b3d" xyz="68.84 -17.97 -197.29" hpr="-0.0 90.0 0.0" scale="2.23 2.23 1.31"  interaction="ghost">
  </object>
  <object type="animation" model="Tree.b3d" xyz="69.89 -17.99 -191.26" hpr="-0.0 90.0 0.0" scale="2.23 2.23 1.31"  interaction="ghost">
  </object>
  <object type="animation" model="Tree.b3d" xyz="94.66 -17.29 -216.34" hpr="-0.0 90.0 0.0" scale="2.23 2.23 1.31"  interaction="ghost">
  </object>
  <object type="animation" model="Tree.b3d" xyz="137.29 -17.31 -129.54" hpr="-0.0 90.0 0.0" scale="2.23 2.23 1.31"  interaction="ghost">
  </object>
  <object type="animation" model="Tree.b3d" xyz="139.19 -17.37 -136.69" hpr="-0.0 90.0 0.0" scale="2.23 2.23 1.31"  interaction="ghost">
  </object>
  <object type="animation" model="Tree.b3d" xyz="132.89 -17.24 -128.35" hpr="-0.0 90.0 0.0" scale="2.23 2.23 1.31"  interaction="ghost">
  </object>
  <object type="animation" model="Tree.b3d" xyz="174.36 -16.72 -125.37" hpr="-0.0 90.0 0.0" scale="2.23 2.23 1.31"  interaction="ghost">
  </object>
  <object type="animation" model="Tree.b3d" xyz="160.88 -17.21 -121.00" hpr="-0.0 90.0 0.0" scale="2.23 2.23 1.31"  interaction="ghost">
  </object>
  <object type="animation" model="Tree.b3d" xyz="91.65 -17.90 -174.37" hpr="-0.0 90.0 0.0" scale="2.23 2.23 1.31"  interaction="ghost">
  </object>
  <object type="animation" model="Tree.b3d" xyz="71.24 -17.94 -167.67" hpr="-0.0 90.0 0.0" scale="2.23 2.23 1.31"  interaction="ghost">
  </object>
  <object type="animation" model="Tree.b3d" xyz="74.71 -17.86 -164.37" hpr="-0.0 90.0 0.0" scale="2.23 2.23 1.31"  interaction="ghost">
  </object>
  <object type="animation" model="Tree.b3d" xyz="78.74 -17.90 -168.69" hpr="-0.0 90.0 0.0" scale="2.23 2.23 1.31"  interaction="ghost">
  </object>
  <object type="animation" model="Tree.b3d" xyz="70.46 -18.01 -176.38" hpr="-0.0 90.0 0.0" scale="2.23 2.23 1.31"  interaction="ghost">
  </object>
  <object type="animation" model="Tree.b3d" xyz="96.05 -17.83 -172.53" hpr="-0.0 90.0 0.0" scale="2.23 2.23 1.31"  interaction="ghost">
  </object>
  <object type="animation" model="Tree.b3d" xyz="73.80 -17.85 -163.14" hpr="-0.0 90.0 0.0" scale="2.23 2.23 1.31"  interaction="ghost">
  </object>
  <object type="animation" model="Tree.b3d" xyz="169.37 -17.40 -81.44" hpr="-0.0 90.0 0.0" scale="2.23 2.23 1.31"  interaction="ghost">
  </object>
  <object type="animation" model="Tree.b3d" xyz="174.62 -17.09 -79.64" hpr="-0.0 90.0 0.0" scale="2.23 2.23 1.31"  interaction="ghost">
  </object>
  <object type="animation" model="Tree.b3d" xyz="172.07 -17.15 -91.08" hpr="-0.0 90.0 0.0" scale="2.23 2.23 1.31"  interaction="ghost">
  </object>
  <object type="animation" model="Tree.b3d" xyz="140.72 -17.33 -121.86" hpr="-0.0 90.0 0.0" scale="2.23 2.23 1.31"  interaction="ghost">
  </object>
  <object type="animation" model="Tree.b3d" xyz="146.00 -17.41 -125.02" hpr="-0.0 90.0 0.0" scale="2.23 2.23 1.31"  interaction="ghost">
  </object>
  <object type="animation" model="Tree.b3d" xyz="116.88 -17.19 -138.74" hpr="-0.0 90.0 0.0" scale="2.23 2.23 1.31"  interaction="ghost">
  </object>
  <object type="animation" model="Tree.b3d" xyz="148.68 -17.46 -113.95" hpr="-0.0 90.0 0.0" scale="2.23 2.23 1.31"  interaction="ghost">
  </object>
  <object type="animation" model="Tree.b3d" xyz="145.52 -17.43 -112.48" hpr="-0.0 90.0 0.0" scale="2.23 2.23 1.31"  interaction="ghost">
  </object>
  <object type="animation" model="Tree.b3d" xyz="147.21 -17.44 -114.17" hpr="-0.0 90.0 0.0" scale="2.23 2.23 1.31"  interaction="ghost">
  </object>
  <object type="animation" model="Tree.b3d" xyz="154.19 -17.63 -96.64" hpr="-0.0 90.0 0.0" scale="2.23 2.23 1.31"  interaction="ghost">
  </object>
  <object type="animation" model="Tree.b3d" xyz="149.93 -17.58 -100.08" hpr="-0.0 90.0 0.0" scale="2.23 2.23 1.31"  interaction="ghost">
  </object>
  <object type="animation" model="Tree.b3d" xyz="161.57 -17.38 -110.15" hpr="-0.0 90.0 0.0" scale="2.23 2.23 1.31"  interaction="ghost">
  </object>
  <object type="animation" model="Tree.b3d" xyz="170.20 -17.03 -110.81" hpr="-0.0 90.0 0.0" scale="2.23 2.23 1.31"  interaction="ghost">
  </object>
  <object type="animation" model="Tree.b3d" xyz="156.50 -17.14 -131.56" hpr="-0.0 90.0 0.0" scale="2.23 2.23 1.31"  interaction="ghost">
  </object>
  <object type="animation" model="Tree.b3d" xyz="142.27 -17.37 -138.81" hpr="-0.0 90.0 0.0" scale="2.23 2.23 1.31"  interaction="ghost">
  </object>
  <object type="animation" model="Tree.b3d" xyz="147.77 -17.07 -150.20" hpr="-0.0 90.0 0.0" scale="2.23 2.23 1.31"  interaction="ghost">
  </object>
  <object type="animation" model="Tree.b3d" xyz="147.52 -17.15 -144.98" hpr="-0.0 90.0 0.0" scale="2.23 2.23 1.31"  interaction="ghost">
  </object>
  <object type="animation" model="Tree.b3d" xyz="17.71 -17.53 -211.99" hpr="-0.0 90.0 0.0" scale="2.23 2.23 1.31"  interaction="ghost">
  </object>
  <object type="animation" model="Tree.b3d" xyz="12.41 -17.33 -216.55" hpr="-0.0 90.0 0.0" scale="2.23 2.23 1.31"  interaction="ghost">
  </object>
  <object type="animation" model="Tree.b3d" xyz="27.51 -17.67 -216.53" hpr="-0.0 90.0 0.0" scale="2.23 2.23 1.31"  interaction="ghost">
  </object>
  <object type="animation" model="Tree.b3d" xyz="136.02 -17.26 -157.94" hpr="-0.0 90.0 0.0" scale="2.23 2.23 1.31"  interaction="ghost">
  </object>
  <object type="animation" model="Tree.b3d" xyz="145.78 -17.00 -162.88" hpr="-0.0 90.0 0.0" scale="2.23 2.23 1.31"  interaction="ghost">
  </object>
  <object type="animation" model="Tree.b3d" xyz="134.93 -17.22 -164.68" hpr="-0.0 90.0 0.0" scale="2.23 2.23 1.31"  interaction="ghost">
  </object>
  <object type="animation" model="Tree.b3d" xyz="129.98 -17.38 -160.82" hpr="-0.0 90.0 0.0" scale="2.23 2.23 1.31"  interaction="ghost">
  </object>
  <object type="animation" model="Tree.b3d" xyz="139.95 -17.16 -159.87" hpr="-0.0 90.0 0.0" scale="2.23 2.23 1.31"  interaction="ghost">
  </object>
  <object type="animation" model="Tree.b3d" xyz="127.39 -17.41 -164.62" hpr="-0.0 90.0 0.0" scale="2.23 2.23 1.31"  interaction="ghost">
  </object>
  <object type="animation" model="Tree.b3d" xyz="123.39 -17.54 -162.60" hpr="-0.0 90.0 0.0" scale="2.23 2.23 1.31"  interaction="ghost">
  </object>
  <object type="animation" model="Tree.b3d" xyz="95.11 -17.08 -154.65" hpr="-0.0 90.0 0.0" scale="2.23 2.23 1.31"  interaction="ghost">
  </object>
  <object type="animation" model="Tree.b3d" xyz="145.11 -17.04 -160.56" hpr="-0.0 90.0 0.0" scale="2.23 2.23 1.31"  interaction="ghost">
  </object>
  <object type="animation" model="Tree.b3d" xyz="136.99 -17.19 -162.82" hpr="-0.0 90.0 0.0" scale="2.23 2.23 1.31"  interaction="ghost">
  </object>
  <object type="animation" model="Tree.b3d" xyz="140.86 -17.08 -165.38" hpr="-0.0 90.0 0.0" scale="2.23 2.23 1.31"  interaction="ghost">
  </object>
  <object type="animation" model="Tree.b3d" xyz="140.39 -17.20 -153.90" hpr="-0.0 90.0 0.0" scale="2.23 2.23 1.31"  interaction="ghost">
  </object>
  <object type="animation" model="Tree.b3d" xyz="106.00 -17.53 -157.95" hpr="-0.0 90.0 0.0" scale="2.23 2.23 1.31"  interaction="ghost">
  </object>
  <object type="animation" model="Tree.b3d" xyz="102.44 -17.58 -160.62" hpr="-0.0 90.0 0.0" scale="2.23 2.23 1.31"  interaction="ghost">
  </object>
  <object type="animation" model="Tree.b3d" xyz="102.50 -17.72 -168.74" hpr="-0.0 90.0 0.0" scale="2.23 2.23 1.31"  interaction="ghost">
  </object>
  <object type="animation" model="Tree.b3d" xyz="103.48 -17.86 -176.48" hpr="-0.0 90.0 0.0" scale="2.23 2.23 1.31"  interaction="ghost">
  </object>
  <object type="animation" model="Tree.b3d" xyz="104.01 -17.63 -163.40" hpr="-0.0 90.0 0.0" scale="2.23 2.23 1.31"  interaction="ghost">
  </object>
  <object type="animation" model="Tree.b3d" xyz="98.03 -17.63 -162.97" hpr="-0.0 90.0 0.0" scale="2.23 2.23 1.31"  interaction="ghost">
  </object>
  <object type="animation" model="Tree.b3d" xyz="110.23 -17.76 -170.78" hpr="-0.0 90.0 0.0" scale="2.23 2.23 1.31"  interaction="ghost">
  </object>
  <object type="animation" model="Tree.b3d" xyz="129.96 -17.27 -138.53" hpr="-0.0 90.0 0.0" scale="2.23 2.23 1.31"  interaction="ghost">
  </object>
  <checks>
    <check-lap kind="lap" same-group="0" other-ids="1" />
    <check-line kind="activate" other-ids="2" p1="-6.92 -29.42" p2="-0.63 -23.16"
                min-height="-17.18" same-group="1"/>
    <check-line kind="activate" other-ids="3" p1="68 72" p2="59 92"
                min-height="-18" same-group="2"/>
    <check-line kind="activate" other-ids="0" p1="-72.08 -45.00" p2="-89.45 -9.35"
                min-height="-1.02" same-group="3"/>
  </checks>

  <camera far="1000.0"/>
  <default-start karts-per-row     ="2"
                 forwards-distance ="1.10"
                 sidewards-distance="1.10"
                 upwards-distance  ="1.10"/>
  <banana x="49.96" y="-16.81" z="-67.79" />
  <banana x="93.21" y="-16.81" z="42.08" />
  <big-nitro x="-73.08" y="-15.66" z="30.05" />
  <big-nitro x="51.40" y="-7.40" z="53.96" />
  <big-nitro x="43.47" y="-7.40" z="53.40" />
  <big-nitro x="-22.81" y="-15.34" z="-101.95" />
  <item x="112.60" y="-16.01" z="-57.69" />
  <item x="112.60" y="-16.01" z="-55.71" />
  <item x="112.60" y="-16.01" z="-53.73" />
  <item x="40.93" y="-16.06" z="-8.05" />
  <item x="40.16" y="-16.06" z="-10.03" />
  <item x="41.92" y="-16.06" z="-6.07" />
  <item x="38.91" y="7.24" z="-26.93" />
  <item x="36.71" y="7.24" z="-24.73" />
  <item x="41.11" y="7.24" z="-29.13" />
  <item x="-24.89" y="-15.00" z="-106.13" />
  <item x="45.51" y="-16.12" z="-210.95" />
  <small-nitro x="-79.90" y="-15.66" z="27.52" />
  <small-nitro x="-17.81" y="-16.76" z="44.07" />
  <small-nitro x="-76.49" y="-15.66" z="28.84" />
  <small-nitro x="-15.78" y="-16.76" z="41.38" />
  <small-nitro x="-13.74" y="-16.76" z="38.84" />
</scene>
