<?xml version="1.0"?>
<!-- Generated with script from SVN rev 16649 -->
<scene>
  <track model="volcano_track.b3d" x="0" y="0" z="0"/>
  <sky-box texture="genericskybox_top.jpg genericskybox_bottom.jpg genericskybox_east.jpg genericskybox_west.jpg genericskybox_south.jpg genericskybox_north.jpg" />
  <camera far="1000.0"/>
  <checks>
    <check-lap kind="lap" same-group="0" other-ids="1" />
    <check-line kind="activate" other-ids="2" p1="-16.22 -7.15" p2="-26.82 -6.10"
                min-height="13.65" same-group="1"/>
	<check-line kind="activate" other-ids="3" p1="-60 22" p2="-67 30"
                min-height="29" same-group="2"/>
    <check-line kind="activate" other-ids="0" p1="-71.01 -9.66" p2="-60.25 -5.15"
                min-height="14.08" same-group="3"/>
  </checks>
  <item id="Item" x="1.16" y="10.00" z="38.41" />
  <item id="Item.001" x="-107.70" y="10.00" z="48.54" />
  <item id="Item.002" x="-128.96" y="10.00" z="-17.61" />
  <item id="Item.003" x="-23.44" y="15.00" z="-37.69" />
  <item id="Item.004" x="-65.96" y="30.00" z="48.54" />
  <item id="Item.005" x="-50.61" y="35.00" z="30.43" />
  <item id="Item.006" x="-45.88" y="5.00" z="-59.34" />
  <small-nitro id="Small-Nitro" x="-54.27" y="5.00" z="70.36" />
  <small-nitro id="Small-Nitro.001" x="-110.02" y="5.00" z="8.47" />
  <small-nitro id="Small-Nitro.002" x="-68.44" y="10.00" z="-40.19" />
  <small-nitro id="Small-Nitro.003" x="-22.14" y="25.00" z="28.32" />
  <small-nitro id="Small-Nitro.004" x="-40.57" y="40.00" z="-11.84" />
  <small-nitro id="Small-Nitro.005" x="-67.03" y="5.00" z="-53.89" />
  <default-start karts-per-row     ="2"
                 forwards-distance ="1.10"
                 sidewards-distance="1.10"
                 upwards-distance  ="1.10"/>
</scene>
