<?xml version="1.0"?>
<!-- Generated with script from SVN rev 9577 -->
<materials>
  <!-- Particles -->
  <material name="smoke_acid.png"        compositing="blend" light="N" ignore="Y"/>
  
  <material name="acid_lake.jpg" ignore="Y" surface="Y">
    <sfx filename="hot.ogg"/>
    <particles condition="skid drive" base="acid_splash.xml"/>
  </material>
  <material name="acid_lake_bottom.jpg" reset="Y" graphical-effect="water" falling-effect="Y"/>
  <material name="arc1.png" reset="Y" crash-reset="Y" crash-reset-particles="sparks.xml" compositing="blend" backface-culling="N" light="N" disable-z-write="Y"/>
  <material name="arc2.png" reset="Y" crash-reset="Y" crash-reset-particles="sparks.xml" compositing="blend" backface-culling="N" light="N" disable-z-write="Y"/>
  <material name="laser_bridge_green.png" compositing="blend" backface-culling="N"/>
  <material name="laser_bridge_red.png" compositing="blend" backface-culling="N"/>
  <material name="metal_ground.jpg">
    <particles base="smoke.xml" condition="skid"/>
  </material>
  <material name="road_dirt_red.jpg">
    <particles base="smoke_red.xml" condition="skid"/>
  </material>
  <material name="sandred.jpg" max-speed="0.50">
    <particles condition="skid drive" base="smoke_red.xml"/>
  </material>
  <material name="sandred2.jpg" max-speed="0.60">
    <particles base="smoke_red.xml" condition="skid drive"/>
  </material>
</materials>
