<?xml version="1.0"?>
<!-- Generated with script from SVN rev Unknown -->
<materials>
  <material name="canyon_asphalt_blend_1.jpg">
    <particles base="smoke_brown.xml" condition="skid drive"/>
  </material>
  <material name="canyon_asphalt_blend_2.jpg">
    <particles base="smoke.xml"/>
  </material>
  <material name="canyon_boards.png">
    <sfx filename="wooden_bridge.ogg" rolloff="0.60" max_speed="22.00" max_pitch="1.70"/>
  </material>
  <material name="city_asphalt_1.jpg">
    <particles condition="skid" base="smoke.xml"/>
  </material>
  <material name="canyon_conveyor.png" sphere="Y"/>
  <material name="canyon_conveyor_belt.png">
    <zipper duration="2.0" fade-out-time="1.0" max-speed-increase="5.0" speed-gain="5.0"/>
  </material>
  <material name="canyon_dirt_road.jpg" high-adhesion="true">
    <particles base="smoke_brown.xml" condition="skid"/>
  </material>
  <material name="canyon_ground.jpg" max-speed="0.40" slowdown-time="0.60">
    <particles condition="skid drive" base="smoke_brown.xml"/>
  </material>
  <material name="transparence.png" reset="Y" compositing="test"/>
  <material name="seabed.jpg" graphical-effect="water" falling-effect="Y"/>
  <material name="canyon_water.png" reset="Y" surface="Y">
    <sfx filename="splash.ogg"/>
    <particles base="splash.xml" condition="skid drive"/>
  </material>
</materials>
