<?xml version="1.0"?>
<!-- Generated with script from SVN rev 11062 -->
<scene>
  <track model="canyon_track.b3d" x="0" y="0" z="0">
    <static-object model="cactus.b3d" xyz="257.00 0.00 331.00" hpr="-0.0 95.9 -0.0" scale="1.30 1.30 1.30"/>
    <static-object model="cactus.b3d" xyz="265.00 0.00 322.00" hpr="-0.0 -24.1 0.0" scale="1.10 1.10 1.10"/>
    <static-object model="cactus.b3d" xyz="270.00 0.00 330.00" hpr="-0.0 -79.1 0.0" scale="1.00 1.00 1.00"/>
    <static-object model="cactus.b3d" xyz="275.00 0.00 326.00" hpr="-0.0 -39.1 0.0" scale="1.20 1.20 1.20"/>
    <static-object model="cactus.b3d" xyz="273.00 0.00 290.00" hpr="-0.0 -39.1 0.0" scale="1.20 1.20 1.20"/>
    <static-object model="cactus.b3d" xyz="147.00 0.00 220.00" hpr="0.0 50.9 0.0" scale="1.20 1.20 1.20"/>
    <static-object model="cactus.b3d" xyz="115.00 0.00 233.00" hpr="-0.0 -179.1 -0.0" scale="1.30 1.30 1.30"/>
    <static-object model="cactus.b3d" xyz="115.00 0.00 227.00" hpr="0.0 20.9 0.0" scale="1.10 1.10 1.10"/>
    <static-object model="cactus.b3d" xyz="62.00 0.00 261.00" hpr="0.0 50.9 0.0" scale="1.20 1.20 1.20"/>
    <static-object model="cactus.b3d" xyz="158.00 0.00 253.00" hpr="0.0 50.9 0.0" scale="0.90 0.90 0.90"/>
    <static-object model="cactus.b3d" xyz="274.00 0.00 296.00" hpr="0.0 10.9 0.0" scale="1.00 1.00 1.00"/>
    <static-object model="cactus.b3d" xyz="57.00 -90.00 148.00" hpr="-0.0 154.8 -0.0" scale="1.30 1.30 1.30"/>
    <static-object model="cactus.b3d" xyz="44.00 -90.00 70.00" hpr="0.0 -60.0 0.0" scale="1.00 1.00 1.00"/>
    <static-object model="cactus.b3d" xyz="59.00 -90.00 75.00" hpr="0.0 25.0 0.0" scale="1.30 1.30 1.30"/>
    <static-object model="cactus.b3d" xyz="110.00 -60.00 138.00" hpr="0.0 -84.1 0.0" scale="1.30 1.30 1.30"/>
    <static-object model="cactus.b3d" xyz="18.00 0.00 232.00" hpr="-0.0 -99.1 -0.0" scale="1.00 1.00 1.00"/>
    <static-object model="cactus.b3d" xyz="-48.00 -60.00 175.00" hpr="-0.0 -149.1 -0.0" scale="0.90 0.90 0.90"/>
    <static-object model="cactus.b3d" xyz="-46.00 -60.00 166.00" hpr="-0.0 120.9 -0.0" scale="1.20 1.20 1.20"/>
    <static-object model="cactus.b3d" xyz="86.00 0.00 223.00" hpr="0.0 60.9 0.0" scale="1.10 1.10 1.10"/>
    <static-object model="cactus.b3d" xyz="81.00 0.00 234.00" hpr="0.0 -19.1 0.0" scale="1.30 1.30 1.30"/>
    <static-object model="cactus.b3d" xyz="177.00 0.00 -15.00" hpr="0.0 -19.1 0.0" scale="1.30 1.30 1.30"/>
    <static-object model="cactus.b3d" xyz="198.00 -50.00 58.00" hpr="-0.0 -179.1 -0.0" scale="1.10 1.10 1.10"/>
    <static-object model="cactus.b3d" xyz="335.00 -30.00 7.00" hpr="-0.0 -149.1 -0.0" scale="1.20 1.20 1.20"/>
    <static-object model="cactus.b3d" xyz="169.00 0.00 -9.00" hpr="-0.0 -149.1 -0.0" scale="0.90 0.90 0.90"/>
    <static-object model="cactus.b3d" xyz="212.00 0.00 3.00" hpr="-0.0 -99.1 -0.0" scale="1.00 1.00 1.00"/>
    <static-object model="cactus.b3d" xyz="86.00 0.00 -14.00" hpr="-0.0 -105.2 -0.0" scale="1.00 1.00 1.00"/>
    <static-object model="cactus.b3d" xyz="336.00 -30.00 28.00" hpr="-0.0 -155.2 -0.0" scale="0.90 0.90 0.90"/>
    <static-object model="cactus.b3d" xyz="321.00 -30.00 20.00" hpr="-0.0 -155.2 -0.0" scale="1.20 1.20 1.20"/>
    <static-object model="cactus.b3d" xyz="171.00 0.00 -18.00" hpr="-0.0 174.8 -0.0" scale="1.10 1.10 1.10"/>
    <static-object model="cactus.b3d" xyz="116.00 0.00 -12.00" hpr="0.0 -25.2 0.0" scale="1.30 1.30 1.30"/>
    <static-object model="cactus.b3d" xyz="68.00 0.00 -10.00" hpr="-0.0 -138.5 -0.0" scale="1.00 1.00 1.00"/>
    <static-object model="cactus.b3d" xyz="197.00 0.00 35.00" hpr="-0.0 171.5 -0.0" scale="0.90 0.90 0.90"/>
    <static-object model="cactus.b3d" xyz="-14.00 0.00 14.00" hpr="-0.0 171.5 -0.0" scale="1.20 1.20 1.20"/>
    <static-object model="cactus.b3d" xyz="-10.00 0.00 14.00" hpr="-0.0 101.5 -0.0" scale="1.10 1.10 1.10"/>
    <static-object model="cactus.b3d" xyz="-17.00 0.00 3.00" hpr="0.0 -58.5 0.0" scale="1.30 1.30 1.30"/>
    <static-object model="cactus.b3d" xyz="32.00 0.00 5.00" hpr="0.0 25.0 0.0" scale="1.30 1.30 1.30"/>
    <static-object model="cactus.b3d" xyz="36.00 0.00 -9.00" hpr="-0.0 -135.0 -0.0" scale="1.10 1.10 1.10"/>
    <static-object model="cactus.b3d" xyz="314.00 -30.00 20.00" hpr="-0.0 -105.0 -0.0" scale="1.20 1.20 1.20"/>
    <static-object model="cactus.b3d" xyz="-64.00 -60.00 168.00" hpr="-0.0 -105.0 -0.0" scale="0.90 0.90 0.90"/>
    <static-object model="cactus.b3d" xyz="13.00 0.00 15.00" hpr="0.0 -45.0 0.0" scale="1.00 1.00 1.00"/>
    <static-object model="sign.b3d" xyz="-4.12 0.90 -36.50" hpr="-0.0 -90.0 0.0" scale="1.00 1.00 1.00"/>
    <static-object model="sign.b3d" xyz="0.00 0.90 260.92" hpr="0.0 -0.0 0.0" scale="1.00 1.00 1.00"/>
    <static-object model="sign.b3d" xyz="297.91 0.70 299.91" hpr="-0.0 90.0 0.0" scale="1.00 1.00 1.00"/>
    <static-object model="stand.b3d" xyz="297.99 0.00 300.01" hpr="-0.0 -90.0 0.0" scale="1.00 1.00 1.00"/>
    <static-object model="stand.b3d" xyz="-4.20 0.20 257.00" hpr="-0.0 90.0 0.0" scale="1.00 1.00 1.00"/>
    <static-object model="stand.b3d" xyz="-4.20 0.20 -36.50" hpr="-0.0 90.0 0.0" scale="1.00 1.00 1.00"/>
    <static-object model="stand.b3d" xyz="-0.10 0.20 261.00" hpr="-0.0 -180.0 -0.0" scale="1.00 1.00 1.00"/>
    <static-object model="stand.b3d" xyz="-2.70 0.20 260.00" hpr="-0.0 135.0 -0.0" scale="1.00 1.00 1.00"/>
    <static-object model="stand.b3d" xyz="2.50 0.20 261.00" hpr="0.0 -0.0 0.0" scale="1.00 1.00 1.00"/>
    <static-object model="stand.b3d" xyz="-2.70 0.20 -39.00" hpr="0.0 45.0 0.0" scale="1.00 1.00 1.00"/>
    <static-object model="stand.b3d" xyz="2.50 0.20 -40.00" hpr="0.0 -0.0 0.0" scale="1.00 1.00 1.00"/>
    <static-object model="stand.b3d" xyz="-0.10 0.20 -40.00" hpr="0.0 -0.0 0.0" scale="1.00 1.00 1.00"/>
    <static-object model="stone.b3d" xyz="12.00 0.00 -21.00" hpr="0.0 -10.0 0.0" scale="1.40 1.00 1.00"/>
    <static-object model="stone.b3d" xyz="54.00 -90.00 141.20" hpr="-0.0 -95.0 -0.0" scale="1.40 1.00 1.00"/>
    <static-object model="stone.b3d" xyz="45.50 -90.00 79.00" hpr="-0.0 105.0 -0.0" scale="1.40 1.00 1.00"/>
    <static-object model="stone.b3d" xyz="54.50 -90.00 79.00" hpr="-0.0 -120.0 -0.0" scale="1.40 1.00 1.00"/>
    <static-object model="stone.b3d" xyz="44.50 -90.00 143.70" hpr="0.0 50.0 0.0" scale="1.40 1.00 1.00"/>
    <static-object model="stone.b3d" xyz="45.60 -90.00 141.40" hpr="-0.0 60.0 -0.0" scale="1.40 1.00 1.00"/>
    <static-object model="stone.b3d" xyz="8.70 0.00 240.60" hpr="0.0 -30.0 0.0" scale="1.40 1.00 1.00"/>
    <static-object model="stone.b3d" xyz="8.00 0.00 260.00" hpr="-0.0 -155.0 0.0" scale="1.40 1.00 1.00"/>
    <static-object model="stone.b3d" xyz="8.50 0.00 -20.60" hpr="-0.0 35.0 -0.0" scale="1.40 1.00 1.00"/>
    <static-object model="stone.b3d" xyz="12.00 0.00 -39.00" hpr="0.0 -0.0 0.0" scale="1.40 1.00 1.00"/>
    <animated-texture name="canyon_conveyor_belt.png" dy="2.000" />
  </track>
  <water model="water.b3d" xyz="200.00 0.00 100.00" hpr="0.0 -0.0 0.0" scale="1.00 1.00 1.00" height="0.90" speed="200.00" length="10.00">
    <animated-texture name="canyon_water.png" dy="0.100" />
  </water>
  <banana x="274" y="10" z="316" />
  <banana x="202" y="10" z="29" />
  <banana x="274" y="10" z="312" />
  <banana x="274" y="10" z="308" />
  <banana x="329" y="10" z="20" />
  <banana x="259" y="10" z="191" />
  <banana x="42" y="10" z="-20" />
  <banana x="43" y="10" z="-14" />
  <banana x="44" y="10" z="-8" />
  <banana x="43" y="10" z="-17" />
  <banana x="44" y="10" z="-11" />
  <banana x="45" y="10" z="-5" />
  <item x="50" y="10" z="256" />
  <item x="259" y="10" z="194" />
  <item x="105" y="10" z="-1" />
  <item x="105" y="10" z="11" />
  <item x="50" y="10" z="244" />
  <item x="105" y="10" z="5" />
  <item x="-58" y="-50" z="170" />
  <item x="65" y="-50" z="180" />
  <item x="262" y="10" z="191" />
  <item x="1" y="10" z="50" />
  <item x="-1" y="10" z="50" />
  <item x="75" y="10" z="250" />
  <item x="115" y="10" z="204" />
  <item x="265" y="10" z="23" />
  <item x="264" y="10" z="18" />
  <item x="200" y="10" z="31" />
  <item x="147" y="-50" z="57" />
  <item x="148" y="-50" z="61" />
  <item x="146" y="-50" z="53" />
  <big-nitro x="50" y="-80" z="110" />
  <big-nitro x="332" y="10" z="20" />
  <big-nitro x="197" y="10" z="-27" />
  <big-nitro x="287" y="10" z="274" />
  <big-nitro x="262" y="10" z="194" />
  <small-nitro x="290" y="10" z="272" />
  <small-nitro x="284" y="10" z="272" />
  <small-nitro x="287" y="10" z="272" />
  <small-nitro x="111" y="-50" z="150" />
  <small-nitro x="284" y="10" z="274" />
  <small-nitro x="290" y="10" z="274" />
  <small-nitro x="47" y="-80" z="90" />
  <small-nitro x="53" y="-80" z="90" />
  <small-nitro x="53" y="-80" z="130" />
  <small-nitro x="47" y="-80" z="130" />
  <small-nitro x="13" y="-50" z="183" />
  <small-nitro x="13" y="-50" z="177" />
  <small-nitro x="145" y="10" z="240" />
  <small-nitro x="142" y="10" z="240" />
  <small-nitro x="148" y="10" z="240" />
  <small-nitro x="151" y="10" z="240" />
  <small-nitro x="154" y="10" z="240" />
  <small-nitro x="111" y="-50" z="145" />
  <small-nitro x="109" y="-50" z="145" />
  <small-nitro x="109" y="-50" z="150" />
  <small-nitro x="48" y="-80" z="79" />
  <small-nitro x="52" y="-80" z="79" />
  <small-nitro x="188" y="10" z="-18" />
  <small-nitro x="192" y="10" z="-22" />
  <checks>
    <check-lap kind="lap" same-group="0" other-ids="1" />
	<check-line kind="activate" other-ids="2" p1="269 332" p2="274 281"
                min-height="0.2" same-group="1"/>
	<check-line kind="activate" other-ids="3" p1="-43 171" p2="-83 176"
                min-height="-59.5" same-group="2"/>
    <check-line kind="activate" other-ids="0" p1="42.800171 110.000000" p2="57.200001 110.000000"
                min-height="-89.800003" same-group="3"/>
  </checks>
  <sky-box texture="canyonsky_t.jpg canyonsky_b.jpg canyonsky_e.jpg canyonsky_w.jpg canyonsky_s.jpg canyonsky_n.jpg"/>
  <camera far="1000.0"/>
  <default-start karts-per-row     ="2"
                 forwards-distance ="1.50"
                 sidewards-distance="3.00"
                 upwards-distance  ="0.10"/>
</scene>
