<?xml version="1.0"?>
<!-- Generated with script from SVN rev 8848 -->
<scene>
  <track model="subsea_track.b3d" x="0" y="0" z="0"/>
  <sun  fog="true" fog-color="0 0 0" fog-end="125.0" xyz="-28.22819709777832 0.5422325134277344 24.938711166381836" sun-specular="204 204 255" sun-diffuse="76.5 102 127.5" ambient="76.5 253 202"/>
  <sky-color rgb="0 0 0"/>
  <weather particles="none.xml" />
  <item x="-2.219333" y="0.542233" z="2.974322" />
  <item x="-0.312672" y="0.542233" z="2.974322" />
  <item x="1.593988" y="0.542233" z="2.974322" />
  <item x="3.444571" y="0.542233" z="2.974322" />
  <item x="-77.526436" y="0.542233" z="13.900906" h="-10.464929" />
  <item x="-79.346245" y="0.542233" z="14.237034" h="-10.464929" />
  <item x="-81.221191" y="0.542233" z="14.583348" h="-10.464929" />
  <item x="-83.09613" y="0.542233" z="14.929661" h="-10.464929" />
  <item x="-11.218835" y="0.542233" z="20.837378" h="-5.573723" />
  <item x="-13.060669" y="0.542233" z="21.017118" h="-5.573723" />
  <item x="-14.958315" y="0.542233" z="21.202307" h="-5.573723" />
  <item x="-16.855959" y="0.542233" z="21.387495" h="-5.573723" />
  <item x="-67.490341" y="0.542233" z="-61.780483" h="-5.292917" />
  <item x="-69.333031" y="0.542233" z="-61.609768" h="-5.292917" />
  <item x="-71.231567" y="0.542233" z="-61.433884" h="-5.292917" />
  <item x="-73.130089" y="0.542233" z="-61.257999" h="-5.292917" />
  <small-nitro x="7.474965" y="0.542233" z="72.944122" />
  <small-nitro x="3.502961" y="0.542233" z="68.271179" />
  <small-nitro x="-51.803341" y="0.542233" z="57.456417" h="61.300259" />
  <small-nitro x="-53.99477" y="0.542233" z="63.18449" h="61.300259" />
  <small-nitro x="-57.830109" y="0.542233" z="-21.674816" h="108.116678" />
  <small-nitro x="-52.153717" y="0.542233" z="-23.996845" h="108.116678" />
  <small-nitro x="-31.291796" y="0.542233" z="44.605057" h="50.490747" />
  <small-nitro x="-32.370075" y="0.542233" z="50.642487" h="50.490747" />
  <small-nitro x="-27.903502" y="0.542233" z="-37.21384" h="84.88814" />
  <small-nitro x="-23.603048" y="0.542233" z="-41.586407" h="84.88814" />
  <checks>
    <check-lap kind="lap" same-group="0" other-ids="1" />
    <check-line kind="activate" other-ids="2" p1="-66.940674 2.453370" p2="-52.625542 2.453369"
                min-height="0.000000" same-group="1"/>
	    <check-line kind="activate" other-ids="0" p1="-36 -54" p2="-40 -40"
                min-height="0.000000" same-group="2"/>
  </checks>
  <camera far="1000.0"/>
  <default-start karts-per-row     ="2"
                 forwards-distance ="1.1"
                 sidewards-distance="1.1"
                 upwards-distance  ="1.1"/>
</scene>
