<?xml version="1.0"?>
<!-- Generated with script from SVN rev 7732 -->
<materials>
  <material name="blackrock_lava.jpg" light="N"/>
  <material name="chain.png" compositing="test" backface-culling="N"/>
  <material name="dynamiclight.png" compositing="blend" light="Y" disable-z-write="Y" ignore="Y"/>
  <material name="lava_1.jpg" light="N"/>
  <material name="lightHaloY.png" compositing="blend" light="N" disable-z-write="Y" ignore="Y"/>
  <material name="pix.png" compositing="test" reset="Y"/>
  <material name="torch.png" compositing="test" disable-z-write="Y"/>
  <material name="zipper.png" compositing="blend" light="N"/>
  <material name="zipper_effect.png" compositing="blend" light="N"/>
</materials>
