<?xml version="1.0"?>
<!-- Generated with script from SVN rev 16649 -->
<scene>
  <track model="Gown's Bow_track.b3d" x="0" y="0" z="0"/>
  <sky-color rgb="119 230 255"/>
  <sky-box texture="Tuxclouds.png Tuxclouds.png TuxClouds.png Tuxclouds.png Tuxclouds.png Tuxclouds.png" />
  <camera far="1000.0"/>
  <checks>
    <check-lap kind="lap" same-group="0" other-ids="1" />
    <check-line kind="activate" other-ids="2" p1="188.19 -2.63" p2="154.70 -2.63"
                min-height="-3.67" same-group="1"/>
    <check-line kind="activate" other-ids="0" p1="-255.29 49.50" p2="-288.79 49.50"
                min-height="-3.93" same-group="2"/>
  </checks>
  <item id="Empty" x="15.52" y="11.97" z="-31.02" />
  <item id="Empty.001" x="17.00" y="11.97" z="-27.97" />
  <item id="Empty.002" x="18.44" y="11.97" z="-25.21" />
  <item id="Empty.003" x="161.25" y="11.97" z="41.79" />
  <item id="Empty.004" x="159.80" y="11.97" z="39.02" />
  <item id="Empty.005" x="158.32" y="11.97" z="35.97" />
  <item id="Empty.006" x="-38.70" y="11.97" z="58.01" />
  <item id="Empty.007" x="-37.21" y="11.97" z="61.06" />
  <item id="Empty.008" x="-35.77" y="11.97" z="63.82" />
  <item id="Empty.009" x="-126.57" y="11.97" z="80.57" />
  <item id="Empty.010" x="-128.01" y="11.97" z="77.81" />
  <item id="Empty.011" x="-129.49" y="11.97" z="74.76" />
  <item id="Empty.012" x="-236.16" y="11.97" z="95.48" />
  <item id="Empty.013" x="-234.68" y="11.97" z="98.53" />
  <item id="Empty.014" x="-233.23" y="11.97" z="101.29" />
  <item id="Empty.015" x="-141.20" y="11.97" z="-4.32" />
  <item id="Empty.016" x="-142.64" y="11.97" z="-7.08" />
  <item id="Empty.017" x="-144.13" y="11.97" z="-10.13" />
  <small-nitro id="Empty.018" x="-94.88" y="11.97" z="16.08" />
  <small-nitro id="Empty.019" x="-185.85" y="11.97" z="42.53" />
  <small-nitro id="Empty.020" x="-274.17" y="11.97" z="48.34" />
  <small-nitro id="Empty.021" x="-9.20" y="11.97" z="34.06" />
  <small-nitro id="Empty.022" x="83.88" y="11.97" z="6.03" />
  <small-nitro id="Empty.023" x="169.03" y="11.97" z="-1.90" />
  <small-nitro id="Empty.024" x="3.50" y="11.97" z="9.94" />
  <small-nitro id="Empty.025" x="-1.81" y="11.97" z="10.11" />
  <small-nitro id="Empty.026" x="-8.01" y="11.97" z="9.76" />
  <default-start karts-per-row     ="3"
                 forwards-distance ="1.10"
                 sidewards-distance="1.10"
                 upwards-distance  ="1.10"/>
</scene>
