<?xml version="1.0"?>
<!-- Generated with script from SVN rev 7732 -->
<materials>
  <material name="ice.png" reset="Y"/>
  <material name="invisible.png" alpha="yes" light="N" compositing="test"/>
  <material name="wood_planks1.jpg">
    <sfx filename="wooden_bridge.ogg" name="wood" rolloff="0.6" min-speed="9.0" max-speed="22.0" min-pitch="1.0" max-pitch="1.7" positional="Y" volume="1.0"/>
  </material>
  <material name="wood_planks1_alpha.png" compositing="test">
    <sfx filename="wooden_bridge.ogg" name="wood" rolloff="0.6" min-speed="9.0" max-speed="22.0" min-pitch="1.0" max-pitch="1.7" positional="Y" volume="1.0"/>
  </material>
</materials>
