<?xml version="1.0"?>
<!-- Generated with script from SVN rev 7618 -->
<scene>
  <track model="snowtuxpeak_track.b3d" x="0" y="0" z="0">
    <animated-texture name="smoke.png" dy="0.5" />
    <animated-texture name="smoke.png" dy="0.5" />
  </track>
  <weather particles="snow.xml" />
  <item x="-31.819147" y="-0.683665" z="23.935211" />
  <item x="-31.410152" y="-0.683665" z="27.060705" />
  <item x="-30.659191" y="-0.683665" z="30.483387" />
  <small-nitro x="-30.116837" y="-0.683665" z="33.936752" />
  <small-nitro x="-131.521484" y="5.503169" z="35.98793" />
  <item x="-149.629654" y="9.621198" z="-36.174286" />
  <item x="-144.969666" y="9.621198" z="-36.632633" />
  <item x="-153.841019" y="9.621198" z="-35.941261" />
  <item x="-39.833748" y="24.908432" z="-122.785149" h="-17.351602" />
  <item x="-31.57229" y="24.908432" z="-126.09082" h="-17.351602" />
  <item x="-35.883526" y="24.908432" z="-124.263557" h="-17.351602" />
  <small-nitro x="-25.71516" y="25.722698" z="-120.261185" h="-17.351602" />
  <small-nitro x="-104.084953" y="34.421249" z="-33.254494" h="-8.210756" />
  <item x="-99.538177" y="34.421249" z="-34.373657" h="-8.210756" />
  <item x="-108.219872" y="34.421249" z="-32.422398" h="-8.210756" />
  <item x="-111.86795" y="34.421249" z="-32.045368" h="-8.210756" />
  <small-nitro x="61.274242" y="1.503006" z="-77.790764" h="-8.210756" />
  <small-nitro x="60.886646" y="1.503006" z="-83.705673" h="-8.210756" />
  <item x="34.953236" y="0.749647" z="-81.846237" h="-8.210756" />
  <item x="34.6026" y="0.749647" z="-85.063522" h="-8.210756" />
  <item x="34.16481" y="0.749647" z="-88.11821" h="-8.210756" />
  <item x="33.752895" y="0.749647" z="-91.268944" h="-8.210756" />
  <banana x="-3.71875" y="-1.115023" z="-83.0047" h="-8.210756" />
  <banana x="-30.142746" y="15.212976" z="-48.315346" h="-8.210756" />
  <banana x="-21.304926" y="14.199423" z="-20.515018" h="-8.210756" />
  <banana x="-76.435776" y="34.409084" z="-91.064316" h="-8.210756" />
  <banana x="-37.654594" y="29.391003" z="-83.827919" h="-8.210756" />
  <banana x="-104.208023" y="18.952904" z="-128.087494" h="-8.210756" />
  <banana x="-83.289841" y="21.185463" z="-123.399406" h="-8.210756" />
  <banana x="-81.51918" y="3.448152" z="32.256142" h="-8.210756" />
  <checks>
    <check-lap kind="lap" same-group="0" other-ids="1" />
    <check-line kind="activate" other-ids="2" p1="-132 -107" p2="-153 -115"
                min-height="14" same-group="1"/>
    <check-line kind="activate" other-ids="3" p1="-48.496944 -75.644157" p2="-51.889187 -98.006584"
                min-height="28.795845" same-group="2"/>
    <check-line kind="activate" other-ids="0" p1="21 -54" p2="22 -71"
                min-height="7" same-group="3"/>
  </checks>

  <sky-dome texture="lighthouse_sky.png"
            horizontal="12" vertical="12" 
            texture-percent="0.5" sphere-percent="1.3"
            speed-x="0" speed-y="0" />
  <sky-box texture="snowsky_t.jpg snowsky_b.jpg snowsky_e.jpg snowsky_w.jpg snowsky_s.jpg snowsky_n.jpg" />
  <default-start karts-per-row     ="2"
                 forwards-distance ="1.5"
                 sidewards-distance="3"
                 upwards-distance  ="0.1"/>
</scene>
