<?xml version="1.0"?>
<!-- Generated with script from SVN rev 7732 -->
<materials>
  <material name="earth.png" slowdown-time="0.5" max-speed="0.25"/>
  <material name="ghost.png" compositing="blend" light="N"/>
  <material name="grass_dark.jpg" slowdown-time="0.5" max-speed="0.25"/>
  <material name="metalfence.png" transparency="yes" compositing="test"/>
  <material name="nightsky1.png" light="N"/>
  <material name="nightsky2.png" light="N"/>
  <material name="owl.png" light="N"/>
  <material name="plants.jpg" mask="plants_alpha.jpg" alpha="yes" compositing="blend" clampV="true"/>
  <material name="stonetex.jpg" slowdown-time="0.5" max-speed="0.25"/>
</materials>
