<?xml version="1.0"?>
<!-- Generated with script from SVN rev Unknown -->
<materials>
  <material name="fence.png" compositing="test" backface-culling="N"/>
  <material name="grass.jpg" slowdown-time="0.5" max-speed="0.25"/>
  <material name="light.png" light="N" ignore="Y" compositing="blend" clampu="Y" disable-z-write="Y" backface-culling="N" fog="N"/>
  <material name="lighthouse.jpg" light="N"/>
  <material name="lighthouse_path.png">
    <particles base="smoke_brown.xml" condition="skid drive"/>
  </material>
  <material name="lighthouse_sky.jpg" light="N" reset="Y" fog="N"/>
  <material name="sand.jpg" slowdown-time="0.5" max-speed="0.25">
    <particles base="smoke_yellow.xml" condition="skid drive"/>
  </material>
  <material name="sandgrass.jpg" slowdown-time="0.5" max-speed="0.25">
    <particles base="smoke_yellow.xml" condition="skid drive"/>
  </material>
  <material name="sea.jpg" ignore="Y" surface="Y" water-shader="Y">
    <sfx filename="splash.ogg" rolloff="0.10"/>
    <particles base="splash.xml" condition="skid drive"/>
  </material>
  <material name="seabed.jpg" reset="Y" graphical-effect="water" falling-effect="Y"/>
</materials>
