<?xml version="1.0"?>
<!-- Generated with script from SVN rev Unknown -->
<materials>
  <material name="corn.png" light="N"/>
  <material name="earth.jpg" slowdown-time="0.5" max-speed="0.25">
    <particles base="smoke_brown.xml" condition="skid drive"/>
  </material>
  <material name="grass2.jpg" slowdown-time="0.5" max-speed="0.25"/>
  <material name="horse.jpg" light="N"/>
  <material name="leaf.png" light="N"/>
  <material name="leave3.png" light="N" ignore="Y" compositing="test"/>
  <material name="mill.png" compositing="test" ignore="Y"/>
  <material name="millstructure.png" compositing="test" ignore="Y"/>
  <material name="trail.jpg">
    <particles base="smoke_brown.xml" condition="skid"/>
  </material>
  <material name="trail2dust.jpg" clampu="Y">
    <particles condition="skid drive" base="smoke_brown.xml"/>
  </material>
  <material name="trail2earth.jpg" clampu="Y">
    <particles condition="skid drive" base="smoke_brown.xml"/>
  </material>
  <material name="trail2grass.jpg" clampu="Y"/>
  <material name="wheat.png" light="N" compositing="test"/>
  <material name="yellow_dirt.jpg" slowdown-time="0.5" max-speed="0.25">
    <particles base="smoke_yellow.xml" condition="skid drive"/>
  </material>
</materials>
