<?xml version="1.0"?>
<!-- Generated with script from SVN rev Unknown -->
<materials>
  <material name="lake.png" falling-effect="Y" reset="Y" slowdown-time="10.00" collision-detect="Y" collision-reaction="reset" collision-particles="smoke.xml" shader="bubble"/>
  <material name="black_rockMountain.jpg" slowdown-time="0.5" max-speed="0.25"/>
  <material name="gate.png" shader="alphablend"/>
  <material name="grass.jpg" slowdown-time="0.5" max-speed="0.25"/>
  <material name="grass_detail1.png" backface-culling="N" ignore="Y" shader="alphablend"/>
  <material name="grass_detail2.png" backface-culling="N" ignore="Y" shader="alphablend"/>
  <material name="long-grass.png" shader="alphablend"/>
  <material name="metalfence.png" shader="alphablend"/>
  <material name="mountain.png" shader="alphablend"/>
  <material name="zipper.png" shader="alphablend">
    <zipper duration="3.5" max-speed-increase="15.0" fade-out-time="3.0" speed-gain="4.5"/>
  </material>
</materials>
