<?xml version="1.0"?>
<!-- Generated with script from SVN rev 16649 -->
<scene>
  <track model="Scary Swamp_track.b3d" x="0" y="0" z="0">
    <static-object  model="grass.b3d" xyz="62.57 1.89 2.83" hpr="-90.0 -0.0 0.0" scale="2.00 2.19 2.00"/>
    <static-object  model="grass.b3d" xyz="62.57 1.89 2.83" hpr="-90.0 -0.0 0.0" scale="2.00 2.19 2.00"/>
    <animated-texture name="acid_lake.jpg" dx="0.200" />
  </track>
  <object id="grass-small.001" type="animation" xyz="62.57 1.89 2.83" hpr="-90.0 -0.0 0.0" scale="2.00 2.19 2.00" interaction="ghost" model="grass.b3d" skeletal-animation="false">
  </object>
  <object id="grass-small.002" type="animation" xyz="62.57 1.89 2.83" hpr="-90.0 -0.0 0.0" scale="2.00 2.19 2.00" interaction="ghost" model="grass.b3d" skeletal-animation="false">
  </object>
  <object id="grass-small.003" type="animation" xyz="62.57 1.89 2.83" hpr="-90.0 -0.0 0.0" scale="2.00 2.19 2.00" interaction="ghost" model="grass.b3d" skeletal-animation="false">
  </object>
  <object id="grass-small.004" type="animation" xyz="62.57 1.89 2.83" hpr="-90.0 -0.0 0.0" scale="2.00 2.19 2.00" interaction="ghost" model="grass.b3d" skeletal-animation="false">
  </object>
  <object id="grass-small.005" type="animation" xyz="62.57 1.89 2.83" hpr="-90.0 -0.0 0.0" scale="2.00 2.19 2.00" interaction="ghost" model="grass.b3d" skeletal-animation="false">
  </object>
  <object id="grass-small.006" type="animation" xyz="62.57 1.89 2.83" hpr="-90.0 -0.0 0.0" scale="2.00 2.19 2.00" interaction="ghost" model="grass.b3d" skeletal-animation="false">
  </object>
  <object id="grass-small.007" type="animation" xyz="62.57 1.89 2.83" hpr="-90.0 -0.0 0.0" scale="2.00 2.19 2.00" interaction="ghost" model="grass.b3d" skeletal-animation="false">
  </object>
  <object id="grass-small.009" type="animation" xyz="62.57 1.89 2.83" hpr="-90.0 -0.0 0.0" scale="2.00 2.19 2.00" interaction="ghost" model="grass.b3d" skeletal-animation="false">
  </object>
  <object id="grass-small.010" type="animation" xyz="62.57 1.89 2.83" hpr="-90.0 -0.0 0.0" scale="2.00 2.19 2.00" interaction="ghost" model="grass.b3d" skeletal-animation="false">
  </object>
  <object id="grass-small.011" type="animation" xyz="62.57 1.89 2.83" hpr="-90.0 -0.0 0.0" scale="2.00 2.19 2.00" interaction="ghost" model="grass.b3d" skeletal-animation="false">
  </object>
  <object id="grass-small.012" type="animation" xyz="62.57 1.89 2.83" hpr="-90.0 -0.0 0.0" scale="2.00 2.19 2.00" interaction="ghost" model="grass.b3d" skeletal-animation="false">
  </object>
  <object id="grass-small.013" type="animation" xyz="62.57 1.89 2.83" hpr="-90.0 -0.0 0.0" scale="2.00 2.19 2.00" interaction="ghost" model="grass.b3d" skeletal-animation="false">
  </object>
  <sky-color rgb="1 1 3"/>
  <camera far="5000.0"/>
  <checks>
    <check-lap kind="lap" same-group="0" other-ids="1" />
    <check-line kind="activate" other-ids="2" p1="-231.11 -113.27" p2="-231.11 -93.27"
                min-height="0.00" same-group="1"/>
    <check-line kind="activate" other-ids="3" p1="15.80 -316.91" p2="15.80 -296.91"
                min-height="0.00" same-group="2"/>
    <check-line kind="activate" other-ids="0" p1="175.63 -163.13" p2="194.99 -168.15"
                min-height="0.19" same-group="3"/>
  </checks>
  <item id="Empty.000" x="59.78" y="1.23" z="-3.22" />
  <item id="Empty.001" x="59.78" y="1.23" z="-6.52" />
  <item id="Empty.002" x="59.86" y="1.23" z="-0.46" />
  <item id="Empty.003" x="-94.69" y="7.22" z="-1.90" />
  <item id="Empty.004" x="-232.19" y="7.22" z="-101.60" />
  <item id="Empty.005" x="-232.27" y="7.22" z="-107.04" />
  <item id="Empty.006" x="-232.19" y="7.22" z="-104.43" />
  <small-nitro id="Empty.007" x="-188.96" y="7.22" z="-40.62" />
  <small-nitro id="Empty.008" x="-178.85" y="7.22" z="-46.68" />
  <small-nitro id="Empty.009" x="-169.66" y="7.22" z="-39.61" />
  <small-nitro id="Empty.010" x="-161.20" y="7.22" z="-45.86" />
  <small-nitro id="Empty.011" x="-157.62" y="7.22" z="-37.58" />
  <small-nitro id="Empty.012" x="-149.62" y="7.22" z="-36.57" />
  <item id="Empty.013" x="-113.32" y="7.22" z="-217.10" />
  <item id="Empty.014" x="-112.52" y="7.22" z="-219.76" />
  <item id="Empty.015" x="-111.73" y="7.22" z="-222.16" />
  <item id="Empty.016" x="188.15" y="7.22" z="-169.94" h="-27.20" />
  <item id="Empty.017" x="182.80" y="7.22" z="-170.00" h="-27.20" />
  <item id="Empty.018" x="185.77" y="7.22" z="-169.92" h="-27.20" />
  <big-nitro id="Empty.019" x="-25.72" y="7.22" z="-295.19" />
  <big-nitro id="Empty.020" x="-25.72" y="7.22" z="-298.64" />
  <big-nitro id="Empty.021" x="-26.10" y="7.22" z="-301.96" />
  <banana id="Empty.022" x="-25.78" y="7.22" z="-297.24" />
  <banana id="Empty.023" x="-25.97" y="7.22" z="-300.87" />
  <banana id="Empty.024" x="189.81" y="7.22" z="-27.67" h="-21.41" />
  <banana id="Empty.025" x="191.31" y="7.22" z="-24.35" h="-21.41" />
  <big-nitro id="Empty.026" x="189.29" y="7.22" z="-28.63" h="-21.41" />
  <big-nitro id="Empty.027" x="190.86" y="7.22" z="-25.68" h="-21.41" />
  <big-nitro id="Empty.028" x="192.12" y="7.22" z="-22.47" h="-21.41" />
  <default-start karts-per-row     ="2"
                 forwards-distance ="1.10"
                 sidewards-distance="1.10"
                 upwards-distance  ="1.10"/>
</scene>
