<?xml version="1.0"?>
<!-- Generated with script from SVN rev 11947 -->
<scene>
  <track model="england_track.b3d" x="0" y="0" z="0">
    <animated-texture name="water_light.png" dx="0.050" />
  </track>
  <item x="28.910137" y="37.617142" z="-8.865644" />
  <item x="34.914467" y="37.617142" z="-8.649408" />
  <item x="31.786587" y="37.617142" z="-8.865644" />
  <item x="-19.029005" y="37.617142" z="-36.888947" />
  <item x="-15.901123" y="37.617142" z="-36.67271" />
  <item x="-21.905453" y="37.617142" z="-36.888947" />
  <small-nitro x="51.938477" y="37.619186" z="211.096954" h="55.880695" />
  <small-nitro x="51.669785" y="37.619186" z="213.27063" h="55.880695" />
  <small-nitro x="51.140514" y="37.619186" z="215.24826" h="55.880695" />
  <small-nitro x="-57.382488" y="37.617142" z="-61.822212" h="-50.673086" />
  <small-nitro x="-60.015572" y="37.617142" z="-61.891792" h="-50.673086" />
  <small-nitro x="-62.469028" y="37.617142" z="-61.739548" h="-50.673086" />
  <banana x="-62.111313" y="37.617142" z="27.123377" h="24.556718" />
  <banana x="-61.786026" y="37.617142" z="24.815237" h="24.556718" />
  <banana x="-61.994301" y="37.617142" z="21.994589" h="24.556718" />
  <banana x="10.894446" y="37.617142" z="-78.112038" h="20.960944" />
  <banana x="11.27922" y="37.617142" z="-75.310013" h="20.960944" />
  <banana x="11.09933" y="37.617142" z="-72.986008" h="20.960944" />
  <item x="-91.66629" y="37.617142" z="87.663353" h="-60.116874" />
  <item x="-89.920387" y="37.617142" z="85.05909" h="-60.116874" />
  <item x="-93.099426" y="37.617142" z="90.157364" h="-60.116874" />
  <small-nitro x="-234.53157" y="37.617142" z="-2.107765" h="-50.673086" />
  <small-nitro x="-232.078125" y="37.617142" z="-2.26001" h="-50.673086" />
  <small-nitro x="-229.445038" y="37.617142" z="-2.19043" h="-50.673086" />
  <banana x="-11.629271" y="37.617142" z="154.179871" h="58.142184" />
  <banana x="-10.081463" y="37.617142" z="152.436981" h="58.142184" />
  <banana x="-8.694647" y="37.617142" z="149.971985" h="58.142184" />
  <checks>
    <check-lap kind="lap" same-group="0" other-ids="1" />
    <check-line kind="activate" other-ids="2" p1="90 180" p2="131 197"
                min-height="21.3" same-group="1"/>
    <check-line kind="activate" other-ids="3" p1="-85.66 76.15" p2="-98.01 99.50"
                min-height="26.17" same-group="2"/>
    <check-line kind="activate" other-ids="0" p1="-12 -3" p2="-24 1"
                min-height="0.2" same-group="3"/>
  </checks>

  <sky-box texture="genericskybox_top.jpg genericskybox_bottom.jpg genericskybox_east.jpg genericskybox_west.jpg genericskybox_south.jpg genericskybox_north.jpg" sh-texture="skybox_side.png skybox_side.png skybox_side.png skybox_side.png skybox_side.png skybox_side.png"/>
            horizontal="20" vertical="20" 
            texture-percent="1.0" sphere-percent="1.3"
            speed-x="0.0" speed-y="0.0" />
  <camera far="1000.0"/>
  <default-start karts-per-row     ="2"
                 forwards-distance ="1.10"
                 sidewards-distance="1.10"
                 upwards-distance  ="1.10"/>
</scene>
