<?xml version="1.0"?>
<!-- Generated with script from SVN rev 7732 -->
<scene>
  <track model="Aotakark-1_track.b3d" x="0" y="0" z="0">
    <static-object model="Plane.011.b3d" xyz="-118.012177 3.000000 109.973808" hpr="-0.000000 -89.999996 0.000000" scale="1.000000 1.000000 1.000000">
    <animated-texture name="zipper.png" dy="1.5" />
    </static-object>
    <static-object model="Plane.012.b3d" xyz="-118.012177 3.000000 110.203491" hpr="-0.000000 -89.999996 0.000000" scale="1.000000 1.000000 1.000000">
    <animated-texture name="zipper_effect.png" dy="-0.1" />
    </static-object>
    <static-object model="Plane.034.b3d" xyz="-150.952179 12.151683 -29.251247" hpr="-0.000000 -179.999991 0.000000" scale="1.000000 1.000000 1.000000"/>
    <static-object model="Plane.035.b3d" xyz="-115.845261 25.217554 -68.419258" hpr="-0.000000 -179.999991 0.000000" scale="1.000000 1.000000 1.000000"/>
    <static-object model="Plane.036.b3d" xyz="-60.525921 41.227707 -105.136017" hpr="-0.000000 -269.999973 0.000000" scale="1.000000 1.000000 1.000000"/>
    <static-object model="Plane.037.b3d" xyz="-92.119980 32.038170 -110.889130" hpr="-0.000000 -269.999973 0.000000" scale="1.000000 1.000000 1.000000"/>
    <static-object model="Plane.038.b3d" xyz="-152.081833 6.000000 19.050373" hpr="-0.000000 -179.999991 0.000000" scale="1.000000 1.000000 1.000000"/>
    <static-object model="Plane.039.b3d" xyz="-75.779808 -21.832775 226.359344" hpr="-0.000000 -101.721625 0.000000" scale="1.000000 1.000000 1.000000"/>
    <static-object model="Plane.043.b3d" xyz="-137.110626 16.000000 -75.066933" hpr="-0.000000 -229.999981 0.000000" scale="1.000000 1.000000 1.000000">
    <animated-texture name="zipper_effect.png" dy="-0.1" />
    </static-object>
    <static-object model="Plane.044.b3d" xyz="-136.962997 16.000000 -74.890984" hpr="-0.000000 -229.999981 0.000000" scale="1.000000 1.000000 1.000000">
    <animated-texture name="zipper.png" dy="1.5" />
    </static-object>
    <static-object model="Plane.047.b3d" xyz="85.140915 45.000000 -72.949661" hpr="-0.000000 -0.000000 -0.000000" scale="1.000000 1.000000 1.000000">
    <animated-texture name="zipper_effect.png" dy="-0.1" />
    </static-object>
    <static-object model="Plane.048.b3d" xyz="84.911224 45.000000 -72.949661" hpr="-0.000000 -0.000000 -0.000000" scale="1.000000 1.000000 1.000000">
    <animated-texture name="zipper.png" dy="1.5" />
    </static-object>
    <animated-texture name="lava_1.jpg" dy="0.1" />
    <animated-texture name="lava_1.jpg" dy="0.1" />
    <animated-texture name="lava_1.jpg" dy="0.1" />
    <animated-texture name="lava_1.jpg" dy="0.1" />
    <animated-texture name="lava_1.jpg" dy="0.1" />
    <animated-texture name="lava_1.jpg" dy="0.1" />
    <animated-texture name="lava_1.jpg" dy="0.1" />
    <animated-texture name="lava_1.jpg" dy="-0.1" />
  </track>
  <particle-emitter kind="fire.xml" x="-90.916428" y="36.769642" z="-42.911972" h="179.999991"/>
  <particle-emitter kind="fire.xml" x="-73.586914" y="39.797676" z="-42.896545" h="179.999991"/>
  <particle-emitter kind="fire.xml" x="-84.032097" y="36.769642" z="-33.004051" h="359.999983"/>
  <particle-emitter kind="fire.xml" x="-104.023582" y="34.681686" z="-20.348709" h="89.999996"/>
  <particle-emitter kind="fire.xml" x="-104.023575" y="31.009373" z="-3.188725" h="89.999996"/>
  <particle-emitter kind="fire.xml" x="-95.175995" y="33.370071" z="-13.425365" h="270.012568"/>
  <particle-emitter kind="fire.xml" x="-38.037834" y="14.064242" z="2.239494" h="89.999996"/>
  <particle-emitter kind="fire.xml" x="-28.167336" y="13.790092" z="-6.065338" h="269.999973"/>
  <particle-emitter kind="fire.xml" x="-38.037834" y="10.628948" z="-17.539337" h="89.999996"/>
  <sun  xyz="-152.081832886 237.0 33.0503730774"/>
  <item x="-151.728088" y="1.299999" z="33.050373" h="179.999994" />
  <item x="-154.688599" y="1.299999" z="33.050373" h="179.999994" />
  <item x="-75.651306" y="1.299999" z="20.650286" h="179.999994" />
  <item x="-68.354256" y="1.299999" z="20.650284" h="179.999994" />
  <item x="-111.581818" y="1.299999" z="96.550369" h="89.999997" />
  <item x="-111.581818" y="1.299999" z="101.550369" h="89.999997" />
  <item x="-35.581841" y="42.246803" z="-36.145393" h="89.999997" />
  <item x="-35.581841" y="42.246803" z="-41.145393" h="89.999997" />
  <item x="14.418152" y="42.246803" z="-41.145401" h="89.999997" />
  <item x="14.418152" y="42.246803" z="-36.145401" h="89.999997" />
  <item x="14.418152" y="42.246803" z="-116.145386" h="89.999997" />
  <item x="14.418152" y="42.246803" z="-121.145386" h="89.999997" />
  <item x="67.846237" y="42.246803" z="-78.912544" />
  <item x="74.862991" y="42.246803" z="-78.912544" />
  <item x="70.844986" y="42.246803" z="-78.912544" />
  <item x="-72.110405" y="1.299999" z="20.650286" h="179.999994" />
  <item x="-148.668533" y="1.299999" z="33.050373" h="179.999994" />
  <small-nitro x="-153.859253" y="1.299999" z="60.444527" h="179.999994" />
  <small-nitro x="-142.434631" y="1.299999" z="79.476837" h="179.999994" />
  <small-nitro x="-100.252861" y="1.299999" z="101.08316" h="179.999994" />
  <small-nitro x="-133.942245" y="1.299999" z="96.198608" h="179.999994" />
  <big-nitro x="-53.44479" y="1.299999" z="-8.863762" h="179.999994" />
  <small-nitro x="-85.63205" y="1.299999" z="84.700813" h="179.999994" />
  <small-nitro x="-70.658928" y="1.299999" z="70.960762" h="179.999994" />
  <small-nitro x="-75.238945" y="1.299999" z="50.879166" h="179.999994" />
  <checks>
    <check-lap kind="lap" same-group="0" other-ids="1" />
    <check-line kind="activate" other-ids="2" p1="60.909477 -78.948517" p2="85.857330 -79.090004"
                min-height="42.121422" same-group="1"/>
	<check-line kind="activate" other-ids="0" p1="-106 10.6" p2="-93 10.6"
                min-height="21" same-group="2"/>
  </checks>
  <sky-box texture="magma_sky_t.jpg magma_sky_bottom.jpg magma_sky_e.jpg magma_sky_w.jpg magma_sky_s.jpg magma_sky_n.jpg" sh-texture="ibl.jpg ibl.jpg ibl.jpg ibl.jpg ibl.jpg ibl.jpg"/>
  <camera far="2000"/>
  <default-start karts-per-row     ="2"
                 forwards-distance ="1.1"
                 sidewards-distance="1.1"
                 upwards-distance  ="1.1"/>
  <end-cameras>
    <camera type="ahead_of_kart" xyz="-180.243790 9.324456 60.777809" distance="5"/>
  </end-cameras>
</scene>
