<?xml version="1.0"?>
<!-- Generated with script from SVN rev Unknown -->
<materials>
  <material name="bulb.png" fog="N" light="N" backface-culling="N" compositing="additive" disable-z-write="Y"/>
  <material name="dynamic_clouds.png" fog="N" light="N" compositing="blend" disable-z-write="Y"/>
  <material name="fence_chain.png" backface-culling="N" compositing="test"/>
  <material name="grass-anim.png" backface-culling="N" compositing="blend" disable-z-write="Y" graphical-effect="grass" ignore="Y"/>
  <material name="grass-anim_death.png" backface-culling="N" compositing="blend" disable-z-write="Y" graphical-effect="grass" ignore="Y"/>
  <material name="light-1.png" fog="N" light="N" compositing="blend" disable-z-write="Y" ignore="Y"/>
  <material name="light.png" fog="N" light="N" compositing="additive" disable-z-write="Y" ignore="Y"/>
  <material name="lightHaloY.png" fog="N" light="N" backface-culling="N" compositing="additive" disable-z-write="Y"/>
  <material name="lighthousWindows_diff.png" backface-culling="N" compositing="blend" disable-z-write="Y"/>
  <material name="metaldirt_diff.png" backface-culling="N"/>
  <material name="plants.png" backface-culling="N" compositing="additive" disable-z-write="Y" graphical-effect="grass"/>
  <material name="racetrack_blend.png" backface-culling="N" compositing="blend" disable-z-write="Y" ignore="Y"/>
  <material name="sea-bed.jpg" collision-detect="Y" falling-effect="Y" water-splash="Y" collision-reaction="reset"/>
  <material name="sea.png" compositing="blend" disable-z-write="Y" falling-effect="Y" graphical-effect="water_shader" surface="Y">
    <sfx filename="splash.ogg" min_speed="5.00" max_speed="15.00" min_pitch="0.80" max_pitch="1.20" positional="Y" rolloff="0.10"/>
    <particles base="splash.xml" condition=" drive skid"/>
  </material>
  <material name="trail_diff.png" compositing="blend" disable-z-write="Y"/>
  <material name="tree_1.png" backface-culling="N" compositing="blend" disable-z-write="Y" graphical-effect="grass"/>
  <material name="tree_noanim.png" backface-culling="N" compositing="blend" disable-z-write="Y"/>
</materials>
