<?xml version="1.0"?>
<!-- Generated with script from SVN rev 15937 -->
<scene>
  <track model="sewer_track.b3d" x="0" y="0" z="0"/>
  <sun  fog="true" fog-color="2 18 3" fog-max="1.0" fog-start="50.00" fog-end="300.00" xyz="117.80 -11.92 -39.05" sun-diffuse="160 255 84" ambient="13 73 23"/>
  <sky-color rgb="2 31 2"/>
  <weather lightning="true"/>
  <camera far="1000.0"/>
  <checks>
    <check-lap kind="lap" same-group="0" other-ids="1" />
    <check-line kind="activate" other-ids="2" p1="-4 105" p2="-13 112"
                min-height="-1" same-group="1"/>
    <check-line kind="activate" other-ids="3" p1="-20.58 -27.00" p2="-22.67 -36.26"
                min-height="-13.07" same-group="2"/>
    <check-line kind="activate" other-ids="0" p1="10.95 98" p2="10.95 80"
                min-height="21.5" same-group="3"/>
  </checks>
  <light xyz="-96.21 26.45 -31.49" id="Area" distance="100.00" energy="100.00" color="5 88 255">
  </light>
  <light xyz="-99.37 22.64 -5.95" id="Area.001" distance="100.00" energy="100.00" color="5 88 255">
  </light>
  <light xyz="-110.29 17.61 20.45" id="Area.002" distance="100.00" energy="100.00" color="5 88 255">
  </light>
  <light xyz="-94.64 9.23 42.82" id="Area.003" distance="100.00" energy="100.00" color="5 88 255">
  </light>
  <light xyz="-81.17 9.23 86.73" id="Area.004" distance="100.00" energy="10.00" color="232 255 23">
  </light>
  <light xyz="-93.30 0.08 123.90" id="Area.005" distance="100.00" energy="15.00" color="159 255 56">
  </light>
  <light xyz="-133.12 -16.59 -1.70" id="Area.006" distance="100.00" energy="25.00" color="30 255 74">
  </light>
  <default-start karts-per-row     ="3"
                 forwards-distance ="1.50"
                 sidewards-distance="1.80"
                 upwards-distance  ="1.10"/>
</scene>
