<?xml version="1.0"?>
<!-- Generated with script from SVN rev 11947 -->
<scene>
  <track model="artmuseum_track.b3d" x="0" y="0" z="0"/>
  <item x="20.393753" y="4.871349" z="46.221897" h="89.999997" />
  <item x="17.458275" y="4.871349" z="46.221901" h="89.999997" />
  <item x="14.914196" y="4.871349" z="46.221901" h="89.999997" />
  <item x="-32.053425" y="4.871347" z="-12.683327" h="89.999997" />
  <item x="-29.509342" y="4.871347" z="-12.683327" h="89.999997" />
  <item x="-26.573872" y="4.871347" z="-12.683334" h="89.999997" />
  <item x="6.699486" y="4.871347" z="143.182312" h="3.503272" />
  <item x="6.520111" y="4.871347" z="146.112289" h="3.503272" />
  <item x="6.364647" y="4.871347" z="148.651611" h="3.503272" />
  <small-nitro x="62.463539" y="7.512718" z="28.186209" h="89.999997" />
  <small-nitro x="62.37252" y="7.512718" z="30.825857" h="89.999997" />
  <small-nitro x="62.463543" y="7.512718" z="33.374485" h="89.999997" />
  <small-nitro x="19.630951" y="7.512716" z="111.431267" h="89.999997" />
  <small-nitro x="19.539928" y="7.512716" z="108.882637" h="89.999997" />
  <small-nitro x="19.630951" y="7.512716" z="106.242989" h="89.999997" />
  <small-nitro x="75.707832" y="7.51272" z="-45.643661" h="89.999997" />
  <small-nitro x="75.616814" y="7.51272" z="-43.004013" h="89.999997" />
  <small-nitro x="75.707832" y="7.51272" z="-40.455383" h="89.999997" />
  <banana x="-4.666264" y="15.756905" z="-34.148491" />
  <banana x="5.57184" y="15.756905" z="-44.911629" />
  <banana x="17.385038" y="15.756905" z="-39.136288" />
  <banana x="32.348419" y="15.756905" z="-35.198555" />
  <banana x="42.849037" y="15.756905" z="-45.174145" />
  <banana x="53.349655" y="15.756905" z="-35.723587" />
  <banana x="28.410685" y="15.756905" z="-44.124084" />
  <banana x="62.275185" y="15.756905" z="-45.961693" />
  <checks>
    <check-lap kind="lap" same-group="0" other-ids="1" />
    <check-line kind="activate" other-ids="2" p1="33 -17" p2="43 4"
                min-height="0.04" same-group="1"/>
    <check-line kind="activate" other-ids="3" p1="-47.47 65.29" p2="-19.34 65.95"
                min-height="0.04" same-group="2"/>
    <check-line kind="activate" other-ids="0" p1="59 -17" p2="65 -59"
                min-height="0.04" same-group="3"/>
  </checks>

  <sky-box texture="genericskybox_top.jpg genericskybox_bottom.jpg genericskybox_east.jpg genericskybox_west.jpg genericskybox_south.jpg genericskybox_north.jpg" sh-texture="skybox_side.png skybox_side.png skybox_side.png skybox_side.png skybox_side.png skybox_side.png"/>
            horizontal="20" vertical="20" 
            texture-percent="1.0" sphere-percent="1.3"
            speed-x="0.0" speed-y="0.0" />
  <camera far="1000.0"/>
  <default-start karts-per-row     ="2"
                 forwards-distance ="1.10"
                 sidewards-distance="1.10"
                 upwards-distance  ="1.10"/>
</scene>
