<?xml version="1.0"?>
<!-- Generated with script from SVN rev 12633 -->
<scene>
  <track model="snowmountain_track.b3d" x="0" y="0" z="0"/>
  <object type="animation" model="Balloon.b3d" xyz="-39.99 39.72 -180.02" hpr="-63.4 89.6 3.0" scale="7.33 7.33 7.33"  interaction="none">
    <curve channel="LocX" interpolation="bezier" extend="cyclic">
      <p c="0.172 -40.000" h1="-51.067 -40.000" h2="51.412 -40.000"/>
      <p c="169.894 99.158" h1="103.758 99.158" h2="310.133 99.158"/>
      <p c="529.782 -151.640" h1="389.314 -151.640" h2="588.448 -151.640"/>
      <p c="680.088 -40.000" h1="632.980 -40.000" h2="727.196 -40.000"/>
    </curve>
    <curve channel="LocZ" interpolation="bezier" extend="cyclic">
      <p c="0.896 -180.019" h1="-131.535 -180.008" h2="103.519 -180.027"/>
      <p c="340.106 98.386" h1="207.675 98.386" h2="472.816 98.386"/>
      <p c="680.029 -179.989" h1="578.468 -179.987" h2="812.522 -179.992"/>
    </curve>
    <curve channel="RotX" interpolation="bezier" extend="cyclic">
      <p c="0.422 -66.375" h1="-175.490 -66.375" h2="176.334 -66.375"/>
      <p c="451.004 -66.334" h1="275.091 -66.334" h2="626.916 -66.334"/>
    </curve>
    <curve channel="RotZ" interpolation="bezier" extend="cyclic">
      <p c="0.762 0.023" h1="-142.680 0.023" h2="144.205 0.023"/>
      <p c="368.177 0.065" h1="224.734 0.065" h2="511.620 0.065"/>
    </curve>
    <curve channel="RotY" interpolation="linear" extend="cyclic">
      <p c="0.013 90.084"/>
      <p c="679.984 -269.997"/>
    </curve>
    <curve channel="LocY" interpolation="bezier" extend="cyclic">
      <p c="0.868 39.720" h1="-182.734 39.720" h2="184.471 39.720"/>
      <p c="471.148 39.712" h1="287.546 39.712" h2="654.751 39.712"/>
    </curve>
  </object>
  <weather particles="snow.xml" />
  <sky-box texture="winter_sky_6.jpg winter_sky_5.jpg winter_sky_2.jpg winter_sky_4.jpg winter_sky_3.jpg winter_sky_1.jpg"/>
  <checks>
    <check-lap kind="lap" same-group="0" other-ids="1" />
    <check-line kind="activate" other-ids="2" p1="-38.92 66.44" p2="-36.26 87.42"
                min-height="2.80" same-group="1"/>
    <check-line kind="activate" other-ids="3" p1="-101.04 -32.16" p2="-97.55 -5.13"
                min-height="7.44" same-group="2"/>
    <check-line kind="activate" other-ids="4" p1="-65.54 20.33" p2="-64.98 45.45"
                min-height="2.72" same-group="3"/>
    <check-line kind="activate" other-ids="5" p1="-76.11 -120.69" p2="-77.25 -91.38"
                min-height="1.50" same-group="4"/>
    <check-line kind="activate" other-ids="6" p1="-80.87 -57.33" p2="-81.76 -34.34"
                min-height="10.80" same-group="5"/>
    <check-line kind="activate" other-ids="7" p1="21.07 -59.07" p2="13.67 -37.29"
                min-height="11.77" same-group="6"/>
    <check-line kind="activate" other-ids="0" p1="74.89 -5.84" p2="51.88 -5.62"
                min-height="1.78" same-group="7"/>
  </checks>
  <particle-emitter kind="black_smoke.xml" xyz="-122.87 11.93 -17.97" h="0.00" clip_distance="200">
  </particle-emitter>
  <particle-emitter kind="black_smoke.xml" xyz="-75.36 15.30 -20.41" h="0.00" clip_distance="200">
  </particle-emitter>
  <banana x="-2.88" y="-0.30" z="39.38" />
  <banana x="-51.49" y="3.66" z="77.64" />
  <banana x="-64.64" y="2.49" z="33.10" />
  <banana x="-50.58" y="-3.78" z="-35.67" />
  <banana x="-64.02" y="10.79" z="-49.57" />
  <banana x="3.40" y="11.39" z="-49.97" />
  <banana x="63.35" y="4.38" z="37.98" />
  <banana x="66.80" y="0.89" z="-12.72" />
  <banana x="58.58" y="0.89" z="-12.70" />
  <banana x="60.70" y="-1.53" z="-57.86" />
  <banana x="21.50" y="-3.28" z="-102.92" />
  <banana x="-5.37" y="-3.76" z="-38.47" />
  <banana x="2.27" y="-3.76" z="-38.47" />
  <item x="-8.65" y="1.59" z="67.00" />
  <item x="-76.41" y="4.84" z="76.43" />
  <item x="-104.86" y="5.46" z="66.15" />
  <item x="-108.53" y="5.86" z="36.85" />
  <item x="-48.09" y="-2.82" z="-16.79" />
  <item x="-50.66" y="-3.09" z="-70.88" />
  <item x="-64.20" y="10.83" z="-42.94" />
  <item x="3.81" y="11.36" z="-54.05" />
  <item x="22.96" y="9.62" z="-3.36" />
  <item x="31.46" y="9.62" z="-2.71" />
  <item x="62.76" y="1.06" z="-12.67" />
  <item x="56.65" y="-0.35" z="-34.83" />
  <item x="66.42" y="-0.35" z="-35.21" />
  <item x="-2.74" y="-3.89" z="-68.93" />
  <small-nitro x="-16.31" y="1.59" z="62.15" />
  <small-nitro x="-63.99" y="2.49" z="36.84" />
  <big-nitro x="-64.31" y="2.49" z="28.88" />
  <big-nitro x="-78.67" y="1.76" z="-102.28" />
  <small-nitro x="3.54" y="11.39" z="-45.87" />
  <small-nitro x="21.64" y="-3.28" z="-99.47" />
  <small-nitro x="21.64" y="-3.28" z="-106.03" />
  <small-nitro x="-12.10" y="1.59" z="65.03" />
  <small-nitro x="-77.82" y="1.76" z="-110.90" />
  <small-nitro x="-78.39" y="1.76" z="-106.10" />
  <small-nitro x="-64.20" y="10.83" z="-45.88" />
  <small-nitro x="27.64" y="9.62" z="-2.85" />
  <small-nitro x="62.16" y="-0.35" z="-34.83" />
  <small-nitro x="-1.41" y="-3.76" z="-38.04" />
  <default-start karts-per-row     ="2"
                 forwards-distance ="1.50"
                 sidewards-distance="3.00"
                 upwards-distance  ="0.10"/>
</scene>
