<?xml version="1.0"?>
<!-- Generated with script from SVN rev 7732 -->
<materials>
  <material name="clouds.png" light="N"/>
  <material name="egyptsky1.png" transparency="yes" light="N" compositing="test"/>
  <material name="egyptsky2.png" transparency="yes" light="N" compositing="test"/>
  <material name="seabed.jpg" graphical-effect="water" falling-effect="Y"/>
  <material name="water_light.png" surface="Y">
    <sfx filename="splash.ogg"/>
    <particles condition="skid drive" base="splash.xml"/>
  </material>
  <material name="yellow_dirt.jpg" anisotropic="Y" slowdown-time="1.0">
    <particles base="smoke_yellow.xml" condition="skid"/>
  </material>
</materials>
