<?xml version="1.0"?>
<!-- Generated with script from SVN rev 17016 -->
<graph>
  <!-- First define all nodes of the graph, and what quads they represent -->
  <node-list from-quad="0" to-quad="275"/>  <!-- map each quad to a node  -->
  <!-- Define the main loop -->
  <edge-loop from="0" to="169"/>
  <!-- Shortcut Plane.002 -->
  <edge from="164" to="170"/>
  <edge-line from="170" to="180"/>
  <edge from="180" to="168"/>
  <!-- Shortcut Plane.001 -->
  <edge from="23" to="181"/>
  <edge-line from="181" to="190"/>
  <edge from="190" to="39"/>
  <!-- Shortcut Driveline.001 -->
  <edge from="74" to="191"/>
  <edge-line from="191" to="275"/>
  <edge from="275" to="143"/>
</graph>
