<?xml version="1.0"?>
<!-- Generated with script from SVN rev Unknown -->
<materials>
  <material name="canyon_conveyor_belt.png" mirror-axis="V">
    <zipper duration="3.5" max-speed-increase="15.0" fade-out-time="3.0" speed-gain="4.5" min-speed="-1.0"/>
  </material>
  <material name="chrome.png" gloss-map="chrome_gloss.png"/>
  <material name="Door.png" shader="alphablend"/>
  <material name="railing.png" shader="alphablend"/>
  <material name="Focus.png" shader="alphablend"/>
  <material name="grass.png" ignore="Y" shader="alphablend"/>
  <material name="master_control.png" shader="alphablend"/>
  <material name="mill.png" shader="alphablend"/>
  <material name="sea.jpg" shader="alphablend" reset="Y" surface="Y"/>
  <material name="Train.png" reset="Y"/>
  <material name="train_front.png" shader="alphablend"/>
  <material name="train_front_2.png" shader="alphablend"/>
  <material name="train_wheel.png" shader="alphablend"/>
  <material name="water_light.png" shader="alphablend" reset="Y" surface="Y"/>
</materials>
