<?xml version="1.0"?>
<!-- Generated with script from SVN rev 17016 -->
<scene>
  <track model="the_old_west_track.spm" x="0" y="0" z="0">
    <animated-texture name="water_light.png" dy="0.20000" />
    <animated-texture name="canyon_conveyor_belt.png" dy="1.00000" />
    <animated-texture name="canyon_conveyor_belt." dx="0.10000" />
    <animated-texture name="canyon_conveyor_belt." dx="0.10000" />
    <animated-texture name="canyon_conveyor_belt.png" dy="1.00000" />
    <animated-texture name="canyon_conveyor_belt.png" dy="1.00000" />
    <animated-texture name="canyon_conveyor_belt.png" dy="1.00000" />
    <animated-texture name="canyon_conveyor_belt.png" dy="1.00000" />
    <animated-texture name="canyon_conveyor_belt.png" dy="1.00000" />
    <animated-texture name="canyon_conveyor_belt.png" dy="1.00000" />
    <animated-texture name="smoke_brown.png" dy="0.10000" />
  </track>
  <object id="Cube.200" type="animation" xyz="-285.41 -1.71 -230.54" hpr="0.0 -0.0 179.4" scale="8.53 8.53 8.53" interaction="static" shape="box" model="Cube.200.spm" skeletal-animation="false">
    <curve channel="LocX" interpolation="bezier" extend="const">
      <p c="0.000 -285.413" h1="-19.911 -285.413" h2="19.911 -285.413"/>
      <p c="51.000 -285.413" h1="31.089 -285.413" h2="70.130 -285.413"/>
      <p c="100.000 -285.413" h1="80.870 -285.413" h2="119.130 -285.413"/>
    </curve>
    <curve channel="LocZ" interpolation="bezier" extend="const">
      <p c="0.000 -230.541" h1="-19.911 -230.541" h2="19.911 -230.541"/>
      <p c="51.000 -230.541" h1="31.089 -230.541" h2="70.130 -230.541"/>
      <p c="100.000 -230.541" h1="80.870 -230.541" h2="119.130 -230.541"/>
    </curve>
    <curve channel="LocY" interpolation="bezier" extend="const">
      <p c="0.000 -1.711" h1="-19.911 -1.711" h2="19.911 -1.711"/>
      <p c="51.000 -1.711" h1="31.089 -1.711" h2="70.130 -1.711"/>
      <p c="100.000 -1.711" h1="80.870 -1.711" h2="119.130 -1.711"/>
    </curve>
    <curve channel="RotX" interpolation="bezier" extend="const">
      <p c="0.000 -0.000" h1="-19.911 -0.000" h2="19.911 -0.000"/>
      <p c="51.000 0.000" h1="31.089 0.000" h2="70.130 -0.000"/>
      <p c="100.000 -0.000" h1="80.870 -0.000" h2="119.130 -0.000"/>
    </curve>
    <curve channel="RotZ" interpolation="bezier" extend="const">
      <p c="0.000 -0.383" h1="-19.873 -0.383" h2="19.873 -0.383"/>
      <p c="51.000 179.415" h1="31.128 107.880" h2="70.093 248.144"/>
      <p c="100.000 359.449" h1="80.909 359.449" h2="119.091 359.449"/>
    </curve>
    <curve channel="RotY" interpolation="bezier" extend="const">
      <p c="0.000 -0.000" h1="-19.911 -0.000" h2="19.911 -0.000"/>
      <p c="51.000 0.000" h1="31.089 0.000" h2="70.130 -0.000"/>
      <p c="100.000 -0.000" h1="80.870 -0.000" h2="119.130 -0.000"/>
    </curve>
    <curve channel="ScaleX" interpolation="bezier" extend="const">
      <p c="0.000 8.528" h1="-19.911 8.528" h2="19.911 8.528"/>
      <p c="51.000 8.528" h1="31.089 8.528" h2="70.130 8.528"/>
      <p c="100.000 8.528" h1="80.870 8.528" h2="119.130 8.528"/>
    </curve>
    <curve channel="ScaleZ" interpolation="bezier" extend="const">
      <p c="0.000 8.528" h1="-19.911 8.528" h2="19.911 8.528"/>
      <p c="51.000 8.528" h1="31.089 8.528" h2="70.130 8.528"/>
      <p c="100.000 8.528" h1="80.870 8.528" h2="119.130 8.528"/>
    </curve>
    <curve channel="ScaleY" interpolation="bezier" extend="const">
      <p c="0.000 8.528" h1="-19.911 8.528" h2="19.911 8.528"/>
      <p c="51.000 8.528" h1="31.089 8.528" h2="70.130 8.528"/>
      <p c="100.000 8.528" h1="80.870 8.528" h2="119.130 8.528"/>
    </curve>
  </object>
  <sky-color rgb="77 104 255"/>
  <sky-box texture="genericskybox_top.jpg genericskybox_bottom.jpg genericskybox_east.jpg genericskybox_west.jpg genericskybox_south.jpg genericskybox_north.jpg" />
  <camera far="1000.0"/>
  <checks>
    <check-lap kind="lap" same-group="0" other-ids="1" />
    <check-line kind="activate" other-ids="2 3" p1="-163 -79" p2="-150 -97"
                min-height="-31" same-group="1"/>
    <check-line kind="activate" other-ids="4" p1="94 28" p2="111 34"
                min-height="-32.5" same-group="2 3"/>
    <check-line kind="activate" other-ids="4" p1="-43 164" p2="-27 171"
                min-height="-52.2" same-group="2 3"/>
    <check-line kind="activate" other-ids="0" p1="-212.97 93.62" p2="-296.55 93.62"
                min-height="-32.15" same-group="4"/>
  </checks>
  <end-cameras>
    <camera type="ahead_of_kart" xyz="-295.591064 -20.157831 -122.843246" distance="20.0"/> <!-- Camera -->
    <camera type="ahead_of_kart" xyz="-285.893860 -25.447266 -182.858444" distance="10.0"/> <!-- Camera.001 -->
    <camera type="ahead_of_kart" xyz="-245.326843 -20.777521 -219.059341" distance="10.0"/> <!-- Camera.003 -->
    <camera type="ahead_of_kart" xyz="-254.297791 -28.352789 -293.360535" distance="10.0"/> <!-- Camera.002 -->
  </end-cameras>
  <object type="sfx-emitter" id="Sound" sound="Train.ogg" rolloff="2.000" volume="0.6000000238418579" max_dist="500.0" xyz="-344.79 -31.24 -56.91" hpr="0.0 -0.0 0.0" scale="1.00 1.00 1.00">
  </object>
  <item id="Empty" x="-260.23" y="-31.09" z="-64.83" />
  <item id="Gift" x="91.19" y="-30.43" z="-20.76" />
  <item id="Gift.001" x="91.19" y="-30.43" z="-17.07" />
  <item id="Gift.002" x="91.19" y="-30.43" z="-13.38" />
  <small-nitro id="Gift.003" x="-22.96" y="-30.43" z="-45.14" />
  <item id="Gift.004" x="-22.96" y="-30.43" z="-48.31" />
  <item id="Gift.005" x="-22.96" y="-30.43" z="-51.85" />
  <item id="Gift.006" x="-141.44" y="-31.90" z="-86.35" />
  <small-nitro id="Gift.007" x="-141.44" y="-31.90" z="-82.66" />
  <item id="Gift.008" x="-141.44" y="-31.90" z="-78.97" />
  <item id="Gift.009" x="-208.94" y="-16.76" z="-102.48" h="18.85" />
  <item id="Gift.010" x="-207.74" y="-16.76" z="-105.98" h="18.85" />
  <item id="Gift.011" x="-206.55" y="-16.76" z="-109.47" h="18.85" />
  <item id="Gift.012" x="-283.37" y="-12.57" z="-159.43" h="35.25" />
  <item id="Gift.013" x="-285.50" y="-12.57" z="-156.41" h="35.25" />
  <item id="Gift.014" x="-287.63" y="-12.57" z="-153.40" h="35.25" />
  <item id="Gift.015" x="-313.95" y="-31.06" z="-271.64" h="-24.82" />
  <small-nitro id="Gift.016" x="-316.00" y="-31.06" z="-276.01" h="-24.82" />
  <item id="Gift.017" x="-318.05" y="-31.06" z="-279.60" h="-24.82" />
  <item id="Gift.018" x="-257.23" y="-31.50" z="-238.61" h="-67.54" />
  <item id="Gift.019" x="-253.82" y="-31.50" z="-237.20" h="-67.54" />
  <item id="Gift.020" x="-250.41" y="-31.50" z="-235.79" h="-67.54" />
  <item id="Gift.021" x="-283.53" y="-31.50" z="-150.22" h="-67.54" />
  <item id="Gift.022" x="-286.94" y="-31.50" z="-151.63" h="-67.54" />
  <item id="Gift.023" x="-290.35" y="-31.50" z="-153.04" h="-67.54" />
  <banana id="Gift.024" x="-269.59" y="-31.60" z="-249.69" h="-67.54" />
  <banana id="Gift.025" x="-270.54" y="-31.56" z="-247.83" h="-67.54" />
  <banana id="Gift.026" x="102.16" y="-30.84" z="43.61" />
  <small-nitro id="Gift.027" x="-259.57" y="-31.50" z="32.61" h="-89.75" />
  <banana id="Gift.028" x="-263.27" y="-31.50" z="32.59" h="-89.75" />
  <item id="Gift.029" x="-266.96" y="-31.50" z="32.58" h="-89.75" />
  <banana id="Gift.030" x="-245.31" y="-31.50" z="111.24" h="-116.24" />
  <item id="Gift.031" x="-242.00" y="-31.50" z="109.61" h="-116.24" />
  <banana id="Gift.032" x="-238.69" y="-31.50" z="107.98" h="-116.24" />
  <item id="Gift.033" x="-180.58" y="-31.62" z="184.25" h="-160.99" />
  <small-nitro id="Gift.034" x="-181.78" y="-31.62" z="187.74" h="-160.99" />
  <item id="Gift.035" x="-182.98" y="-31.62" z="191.23" h="-160.99" />
  <banana id="Gift.036" x="-100.67" y="-31.62" z="127.01" h="-222.88" />
  <banana id="Gift.037" x="-103.18" y="-31.62" z="124.31" h="-222.88" />
  <banana id="Gift.038" x="-105.41" y="-31.62" z="122.11" h="-222.88" />
  <item id="Gift.039" x="-13.26" y="-31.62" z="70.41" h="-181.58" />
  <big-nitro id="Gift.040" x="-13.16" y="-31.62" z="74.10" h="-181.58" />
  <item id="Gift.041" x="-13.05" y="-31.62" z="77.79" h="-181.58" />
  <item id="Gift.042" x="53.70" y="-31.62" z="81.55" h="-181.58" />
  <banana id="Gift.043" x="53.59" y="-31.62" z="78.88" h="-181.58" />
  <item id="Gift.044" x="53.49" y="-31.62" z="74.87" h="-181.58" />
  <big-nitro id="Gift.045" x="102.00" y="-31.46" z="45.75" />
  <big-nitro id="Gift.046" x="-26.84" y="-41.58" z="75.63" h="-181.58" />
  <item id="Gift.047" x="-29.58" y="-46.05" z="126.43" h="-181.58" />
  <banana id="Gift.048" x="-34.87" y="-48.53" z="168.40" h="-181.58" />
  <small-nitro id="Gift.049" x="-46.08" y="-53.06" z="218.48" h="-181.58" />
  <small-nitro id="Gift.050" x="-83.37" y="-53.06" z="277.74" h="-181.58" />
  <small-nitro id="Gift.051" x="-197.62" y="-32.78" z="263.40" h="-181.58" />
  <small-nitro id="Gift.052" x="-225.42" y="-31.36" z="190.44" h="-181.58" />
  <big-nitro id="Gift.053" x="102.11" y="-31.25" z="48.19" />
  <banana id="Gift.054" x="102.24" y="-31.34" z="51.92" />
  <banana id="Gift.055" x="-268.48" y="-31.81" z="-251.69" h="-67.54" />
  <banana id="Gift.056" x="-271.69" y="-31.64" z="-245.80" h="-67.54" />
  <banana id="Gift.057" x="-32.27" y="-48.63" z="168.93" h="-181.58" />
  <banana id="Gift.058" x="-266.97" y="-31.61" z="-253.62" h="-67.54" />
  <banana id="Gift.059" x="-264.93" y="-31.51" z="-256.08" h="-67.54" />
  <default-start karts-per-row     ="2"
                 forwards-distance ="1.10"
                 sidewards-distance="4.00"
                 upwards-distance  ="1.10"/>
</scene>
