<?xml version="1.0"?>
<!-- Generated with script from SVN rev 16649 -->
<scene>
  <track model="Night_track.b3d" x="0" y="0" z="0">
    <animated-texture name="water_light.png"/>
    <animated-texture name="waterfall.png" dy="1.0000" />
  </track>
  <sun  fog="true" fog-color="0 0 0" fog-max="1.0" fog-start="50.00" fog-end="300.00" xyz="34.72 88.15 -106.33" ambient="0 15 87"/>
  <sky-color rgb="0 0 8"/>
  <camera far="1000.0"/>
  <checks>
    <check-lap kind="lap" same-group="0" other-ids="1" />
    <check-line kind="activate" other-ids="2" p1="41.61 22.20" p2="40.10 1.32"
                min-height="5.03" same-group="1"/>
	<check-line kind="activate" other-ids="3" p1="-9 -18" p2="-8 -36"
                min-height="10.5" same-group="2"/>
	<check-line kind="activate" other-ids="0" p1="17 -144" p2="12 -158"
                min-height="5.5" same-group="3"/>
  </checks>
  <banana id="Empty" x="63.06" y="43.61" z="-42.13" h="-53.90" />
  <banana id="Empty.001" x="65.56" y="43.61" z="-44.29" h="-53.90" />
  <banana id="Empty.002" x="67.77" y="43.61" z="-45.65" h="-53.90" />
  <banana id="Empty.003" x="16.35" y="43.61" z="-79.31" />
  <banana id="Empty.004" x="13.95" y="43.61" z="-80.31" />
  <banana id="Empty.005" x="10.72" y="43.61" z="-81.05" />
  <item id="Empty.006" x="49.94" y="2.74" z="-86.18" />
  <item id="Empty.007" x="51.94" y="2.74" z="-88.04" />
  <item id="Empty.008" x="53.08" y="2.74" z="-89.61" />
  <item id="Empty.009" x="-8.44" y="43.61" z="-34.50" h="95.29" />
  <item id="Empty.010" x="-9.90" y="43.61" z="-35.78" h="95.29" />
  <item id="Empty.011" x="-11.57" y="43.61" z="-37.95" h="95.29" />
  <small-nitro id="Empty.012" x="41.27" y="43.61" z="13.61" />
  <small-nitro id="Empty.013" x="40.94" y="43.61" z="11.37" />
  <small-nitro id="Empty.014" x="40.69" y="43.61" z="8.89" />
  <small-nitro id="Empty.015" x="13.40" y="43.61" z="-154.83" h="-15.30" />
  <small-nitro id="Empty.016" x="14.30" y="43.61" z="-152.51" h="-15.30" />
  <small-nitro id="Empty.017" x="15.21" y="43.61" z="-150.44" h="-15.30" />
  <default-start karts-per-row     ="2"
                 forwards-distance ="1.10"
                 sidewards-distance="1.10"
                 upwards-distance  ="1.10"/>
</scene>
